session_id,raw_data_CO_dataasset_id,old_id,hdf5_file,dir_in_asset
behavior_ZS059_2021-03-24_14-22-04,478c9648-c97c-4618-9c75-15293beba358,mZS059d20210324,\\allen\aind\stage\hopkins_data\ZS059\mZS059d20210324\neuralynx\session\raw_data.hdf5,ecephys/neuralynx/session/raw_data.hdf5
behavior_ZS059_2021-03-24_14-22-04,478c9648-c97c-4618-9c75-15293beba358,mZS059d20210324,\\allen\aind\stage\hopkins_data\ZS059\mZS059d20210324\neuralynx\opto\10ms\raw_data.hdf5,ecephys/neuralynx/session/opto/10ms/raw_data.hdf5
behavior_ZS059_2021-03-24_14-22-04,478c9648-c97c-4618-9c75-15293beba358,mZS059d20210324,\\allen\aind\stage\hopkins_data\ZS059\mZS059d20210324\neuralynx\opto\200ms\raw_data.hdf5,ecephys/neuralynx/session/opto/200ms/raw_data.hdf5
behavior_ZS059_2021-03-25_14-40-45,a527b2e5-f42f-4942-af21-a7443b42c1ae,mZS059d20210325,\\allen\aind\stage\hopkins_data\ZS059\mZS059d20210325\neuralynx\session\raw_data.hdf5,ecephys/neuralynx/session/raw_data.hdf5
behavior_ZS059_2021-03-25_14-40-45,a527b2e5-f42f-4942-af21-a7443b42c1ae,mZS059d20210325,\\allen\aind\stage\hopkins_data\ZS059\mZS059d20210325\neuralynx\opto\10ms\raw_data.hdf5,ecephys/neuralynx/session/opto/10ms/raw_data.hdf5
behavior_ZS059_2021-03-25_14-40-45,a527b2e5-f42f-4942-af21-a7443b42c1ae,mZS059d20210325,\\allen\aind\stage\hopkins_data\ZS059\mZS059d20210325\neuralynx\opto\200ms\raw_data.hdf5,ecephys/neuralynx/session/opto/200ms/raw_data.hdf5
behavior_ZS059_2021-03-26_13-52-11,5b7e4a84-e4af-4b0a-9953-7867e5efa68d,mZS059d20210326,\\allen\aind\stage\hopkins_data\ZS059\mZS059d20210326\neuralynx\session\raw_data.hdf5,ecephys/neuralynx/session/raw_data.hdf5
behavior_ZS059_2021-03-26_13-52-11,5b7e4a84-e4af-4b0a-9953-7867e5efa68d,mZS059d20210326,\\allen\aind\stage\hopkins_data\ZS059\mZS059d20210326\neuralynx\opto\10ms\raw_data.hdf5,ecephys/neuralynx/session/opto/10ms/raw_data.hdf5
behavior_ZS059_2021-03-26_13-52-11,5b7e4a84-e4af-4b0a-9953-7867e5efa68d,mZS059d20210326,\\allen\aind\stage\hopkins_data\ZS059\mZS059d20210326\neuralynx\opto\200ms\raw_data.hdf5,ecephys/neuralynx/session/opto/200ms/raw_data.hdf5
behavior_ZS059_2021-03-26_13-52-11,5b7e4a84-e4af-4b0a-9953-7867e5efa68d,mZS059d20210326,\\allen\aind\stage\hopkins_data\ZS059\mZS059d20210326\neuralynx\opto\20ms\raw_data.hdf5,ecephys/neuralynx/session/opto/20ms/raw_data.hdf5
behavior_ZS059_2021-03-27_16-03-00,f737f7a2-b040-4fb0-a662-e481108053f7,mZS059d20210327,\\allen\aind\stage\hopkins_data\ZS059\mZS059d20210327\neuralynx\session\raw_data.hdf5,ecephys/neuralynx/session/raw_data.hdf5
behavior_ZS059_2021-03-27_16-03-00,f737f7a2-b040-4fb0-a662-e481108053f7,mZS059d20210327,\\allen\aind\stage\hopkins_data\ZS059\mZS059d20210327\neuralynx\opto\200ms\raw_data.hdf5,ecephys/neuralynx/session/opto/200ms/raw_data.hdf5
behavior_ZS059_2021-03-27_16-03-00,f737f7a2-b040-4fb0-a662-e481108053f7,mZS059d20210327,\\allen\aind\stage\hopkins_data\ZS059\mZS059d20210327\neuralynx\opto\20ms\raw_data.hdf5,ecephys/neuralynx/session/opto/20ms/raw_data.hdf5
behavior_ZS059_2021-03-28_14-18-58,92928a74-17a5-41ab-a4b1-1dafe90eaba9,mZS059d20210328,\\allen\aind\stage\hopkins_data\ZS059\mZS059d20210328\neuralynx\session\raw_data.hdf5,ecephys/neuralynx/session/raw_data.hdf5
behavior_ZS059_2021-03-28_14-18-58,92928a74-17a5-41ab-a4b1-1dafe90eaba9,mZS059d20210328,\\allen\aind\stage\hopkins_data\ZS059\mZS059d20210328\neuralynx\opto\200ms\raw_data.hdf5,ecephys/neuralynx/session/opto/200ms/raw_data.hdf5
behavior_ZS059_2021-03-28_14-18-58,92928a74-17a5-41ab-a4b1-1dafe90eaba9,mZS059d20210328,\\allen\aind\stage\hopkins_data\ZS059\mZS059d20210328\neuralynx\opto\20ms\raw_data.hdf5,ecephys/neuralynx/session/opto/20ms/raw_data.hdf5
behavior_ZS059_2021-03-29_14-41-57,8ce934fa-6bc5-4c5e-9360-641c7e38880a,mZS059d20210329,\\allen\aind\stage\hopkins_data\ZS059\mZS059d20210329\neuralynx\session\raw_data.hdf5,ecephys/neuralynx/session/raw_data.hdf5
behavior_ZS059_2021-03-29_14-41-57,8ce934fa-6bc5-4c5e-9360-641c7e38880a,mZS059d20210329,\\allen\aind\stage\hopkins_data\ZS059\mZS059d20210329\neuralynx\opto\200ms\raw_data.hdf5,ecephys/neuralynx/session/opto/200ms/raw_data.hdf5
behavior_ZS059_2021-03-29_14-41-57,8ce934fa-6bc5-4c5e-9360-641c7e38880a,mZS059d20210329,\\allen\aind\stage\hopkins_data\ZS059\mZS059d20210329\neuralynx\opto\20ms\raw_data.hdf5,ecephys/neuralynx/session/opto/20ms/raw_data.hdf5
behavior_ZS059_2021-03-30_14-57-13,10151302-3786-4e86-8197-b4bee25e97ca,mZS059d20210330,\\allen\aind\stage\hopkins_data\ZS059\mZS059d20210330\neuralynx\session\raw_data.hdf5,ecephys/neuralynx/session/raw_data.hdf5
behavior_ZS059_2021-03-30_14-57-13,10151302-3786-4e86-8197-b4bee25e97ca,mZS059d20210330,\\allen\aind\stage\hopkins_data\ZS059\mZS059d20210330\neuralynx\opto\200ms\raw_data.hdf5,ecephys/neuralynx/session/opto/200ms/raw_data.hdf5
behavior_ZS059_2021-03-30_14-57-13,10151302-3786-4e86-8197-b4bee25e97ca,mZS059d20210330,\\allen\aind\stage\hopkins_data\ZS059\mZS059d20210330\neuralynx\opto\20ms\raw_data.hdf5,ecephys/neuralynx/session/opto/20ms/raw_data.hdf5
behavior_ZS059_2021-03-31_14-32-51,26d44b97-bf08-4afa-a7d5-80f01da4526b,mZS059d20210331,\\allen\aind\stage\hopkins_data\ZS059\mZS059d20210331\neuralynx\session\raw_data.hdf5,ecephys/neuralynx/session/raw_data.hdf5
behavior_ZS059_2021-03-31_14-32-51,26d44b97-bf08-4afa-a7d5-80f01da4526b,mZS059d20210331,\\allen\aind\stage\hopkins_data\ZS059\mZS059d20210331\neuralynx\opto\200ms\raw_data.hdf5,ecephys/neuralynx/session/opto/200ms/raw_data.hdf5
behavior_ZS059_2021-03-31_14-32-51,26d44b97-bf08-4afa-a7d5-80f01da4526b,mZS059d20210331,\\allen\aind\stage\hopkins_data\ZS059\mZS059d20210331\neuralynx\opto\20ms\raw_data.hdf5,ecephys/neuralynx/session/opto/20ms/raw_data.hdf5
behavior_ZS059_2021-03-31_14-32-51,26d44b97-bf08-4afa-a7d5-80f01da4526b,mZS059d20210331,\\allen\aind\stage\hopkins_data\ZS059\mZS059d20210331\neuralynx\opto\20ms_2\raw_data.hdf5,ecephys/neuralynx/session/opto/20ms_2/raw_data.hdf5
behavior_ZS059_2021-04-01_14-17-46,ec12b9b4-10ec-4fdc-9c34-ba8bc8fcd5a1,mZS059d20210401,\\allen\aind\stage\hopkins_data\ZS059\mZS059d20210401\neuralynx\session\raw_data.hdf5,ecephys/neuralynx/session/raw_data.hdf5
behavior_ZS059_2021-04-01_14-17-46,ec12b9b4-10ec-4fdc-9c34-ba8bc8fcd5a1,mZS059d20210401,\\allen\aind\stage\hopkins_data\ZS059\mZS059d20210401\neuralynx\opto\20ms\raw_data.hdf5,ecephys/neuralynx/session/opto/20ms/raw_data.hdf5
behavior_ZS059_2021-04-02_15-05-16,28e02adf-451a-41f0-ac72-e4c3eb5cd2d9,mZS059d20210402,\\allen\aind\stage\hopkins_data\ZS059\mZS059d20210402\neuralynx\session\raw_data.hdf5,ecephys/neuralynx/session/raw_data.hdf5
behavior_ZS059_2021-04-02_15-05-16,28e02adf-451a-41f0-ac72-e4c3eb5cd2d9,mZS059d20210402,\\allen\aind\stage\hopkins_data\ZS059\mZS059d20210402\neuralynx\opto\200ms\raw_data.hdf5,ecephys/neuralynx/session/opto/200ms/raw_data.hdf5
behavior_ZS059_2021-04-02_15-05-16,28e02adf-451a-41f0-ac72-e4c3eb5cd2d9,mZS059d20210402,\\allen\aind\stage\hopkins_data\ZS059\mZS059d20210402\neuralynx\opto\20ms\raw_data.hdf5,ecephys/neuralynx/session/opto/20ms/raw_data.hdf5
behavior_ZS059_2021-04-03_16-30-45,4f66d7d9-9dcb-423b-8078-52e571a53c33,mZS059d20210403,\\allen\aind\stage\hopkins_data\ZS059\mZS059d20210403\neuralynx\session\raw_data.hdf5,ecephys/neuralynx/session/raw_data.hdf5
behavior_ZS059_2021-04-03_16-30-45,4f66d7d9-9dcb-423b-8078-52e571a53c33,mZS059d20210403,\\allen\aind\stage\hopkins_data\ZS059\mZS059d20210403\neuralynx\opto\200ms\raw_data.hdf5,ecephys/neuralynx/session/opto/200ms/raw_data.hdf5
behavior_ZS059_2021-04-03_16-30-45,4f66d7d9-9dcb-423b-8078-52e571a53c33,mZS059d20210403,\\allen\aind\stage\hopkins_data\ZS059\mZS059d20210403\neuralynx\opto\20ms\raw_data.hdf5,ecephys/neuralynx/session/opto/20ms/raw_data.hdf5
behavior_ZS059_2021-04-04_15-23-14,bd60d584-e19d-42cd-98f0-0d3487f56cc3,mZS059d20210404,\\allen\aind\stage\hopkins_data\ZS059\mZS059d20210404\neuralynx\session\raw_data.hdf5,ecephys/neuralynx/session/raw_data.hdf5
behavior_ZS059_2021-04-04_15-23-14,bd60d584-e19d-42cd-98f0-0d3487f56cc3,mZS059d20210404,\\allen\aind\stage\hopkins_data\ZS059\mZS059d20210404\neuralynx\opto\200ms\raw_data.hdf5,ecephys/neuralynx/session/opto/200ms/raw_data.hdf5
behavior_ZS059_2021-04-04_15-23-14,bd60d584-e19d-42cd-98f0-0d3487f56cc3,mZS059d20210404,\\allen\aind\stage\hopkins_data\ZS059\mZS059d20210404\neuralynx\opto\20ms\raw_data.hdf5,ecephys/neuralynx/session/opto/20ms/raw_data.hdf5
behavior_ZS059_2021-04-05_14-33-48,c70d1891-6bdd-4352-a8a1-a7150d456a82,mZS059d20210405,\\allen\aind\stage\hopkins_data\ZS059\mZS059d20210405\neuralynx\session\raw_data.hdf5,ecephys/neuralynx/session/raw_data.hdf5
behavior_ZS059_2021-04-05_14-33-48,c70d1891-6bdd-4352-a8a1-a7150d456a82,mZS059d20210405,\\allen\aind\stage\hopkins_data\ZS059\mZS059d20210405\neuralynx\opto\20ms\raw_data.hdf5,ecephys/neuralynx/session/opto/20ms/raw_data.hdf5
behavior_ZS059_2021-04-05_14-33-48,c70d1891-6bdd-4352-a8a1-a7150d456a82,mZS059d20210405,\\allen\aind\stage\hopkins_data\ZS059\mZS059d20210405\neuralynx\opto\20ms_1\raw_data.hdf5,ecephys/neuralynx/session/opto/20ms_1/raw_data.hdf5
behavior_ZS059_2021-04-06_14-30-26,910d7af6-2894-403b-aa6b-5e1ca817d73f,mZS059d20210406,\\allen\aind\stage\hopkins_data\ZS059\mZS059d20210406\neuralynx\session\raw_data.hdf5,ecephys/neuralynx/session/raw_data.hdf5
behavior_ZS059_2021-04-06_14-30-26,910d7af6-2894-403b-aa6b-5e1ca817d73f,mZS059d20210406,\\allen\aind\stage\hopkins_data\ZS059\mZS059d20210406\neuralynx\opto\20ms\raw_data.hdf5,ecephys/neuralynx/session/opto/20ms/raw_data.hdf5
behavior_ZS059_2021-04-06_14-30-26,910d7af6-2894-403b-aa6b-5e1ca817d73f,mZS059d20210406,\\allen\aind\stage\hopkins_data\ZS059\mZS059d20210406\neuralynx\opto\20ms_2\raw_data.hdf5,ecephys/neuralynx/session/opto/20ms_2/raw_data.hdf5
behavior_ZS059_2021-04-07_13-58-21,39ec9e1b-0c5e-4b42-a319-8322bd0a9058,mZS059d20210407,\\allen\aind\stage\hopkins_data\ZS059\mZS059d20210407\neuralynx\session\raw_data.hdf5,ecephys/neuralynx/session/raw_data.hdf5
behavior_ZS059_2021-04-07_13-58-21,39ec9e1b-0c5e-4b42-a319-8322bd0a9058,mZS059d20210407,\\allen\aind\stage\hopkins_data\ZS059\mZS059d20210407\neuralynx\opto\20ms_1\raw_data.hdf5,ecephys/neuralynx/session/opto/20ms_1/raw_data.hdf5
behavior_ZS059_2021-04-07_13-58-21,39ec9e1b-0c5e-4b42-a319-8322bd0a9058,mZS059d20210407,\\allen\aind\stage\hopkins_data\ZS059\mZS059d20210407\neuralynx\opto\20ms_2\raw_data.hdf5,ecephys/neuralynx/session/opto/20ms_2/raw_data.hdf5
behavior_ZS059_2021-04-08_15-53-36,471c2c72-1a5f-45d2-b097-a18c098c00ef,mZS059d20210408,\\allen\aind\stage\hopkins_data\ZS059\mZS059d20210408\neuralynx\session\raw_data.hdf5,ecephys/neuralynx/session/raw_data.hdf5
behavior_ZS059_2021-04-08_15-53-36,471c2c72-1a5f-45d2-b097-a18c098c00ef,mZS059d20210408,\\allen\aind\stage\hopkins_data\ZS059\mZS059d20210408\neuralynx\opto\20ms_1\raw_data.hdf5,ecephys/neuralynx/session/opto/20ms_1/raw_data.hdf5
behavior_ZS059_2021-04-08_15-53-36,471c2c72-1a5f-45d2-b097-a18c098c00ef,mZS059d20210408,\\allen\aind\stage\hopkins_data\ZS059\mZS059d20210408\neuralynx\opto\20ms_2\raw_data.hdf5,ecephys/neuralynx/session/opto/20ms_2/raw_data.hdf5
behavior_ZS059_2021-04-09_15-53-45,06f9e31c-988c-40a7-8372-1c86f356bde7,mZS059d20210409,\\allen\aind\stage\hopkins_data\ZS059\mZS059d20210409\neuralynx\session\raw_data.hdf5,ecephys/neuralynx/session/raw_data.hdf5
behavior_ZS059_2021-04-09_15-53-45,06f9e31c-988c-40a7-8372-1c86f356bde7,mZS059d20210409,\\allen\aind\stage\hopkins_data\ZS059\mZS059d20210409\neuralynx\opto\20ms_1\raw_data.hdf5,ecephys/neuralynx/session/opto/20ms_1/raw_data.hdf5
behavior_ZS059_2021-04-09_15-53-45,06f9e31c-988c-40a7-8372-1c86f356bde7,mZS059d20210409,\\allen\aind\stage\hopkins_data\ZS059\mZS059d20210409\neuralynx\opto\20ms_2\raw_data.hdf5,ecephys/neuralynx/session/opto/20ms_2/raw_data.hdf5
behavior_ZS059_2021-04-10_15-55-11,e92b86d9-1780-4a1f-8b61-cd2ca2de0fce,mZS059d20210410,\\allen\aind\stage\hopkins_data\ZS059\mZS059d20210410\neuralynx\session\raw_data.hdf5,ecephys/neuralynx/session/raw_data.hdf5
behavior_ZS059_2021-04-10_15-55-11,e92b86d9-1780-4a1f-8b61-cd2ca2de0fce,mZS059d20210410,\\allen\aind\stage\hopkins_data\ZS059\mZS059d20210410\neuralynx\opto\20ms_1\raw_data.hdf5,ecephys/neuralynx/session/opto/20ms_1/raw_data.hdf5
behavior_ZS059_2021-04-10_15-55-11,e92b86d9-1780-4a1f-8b61-cd2ca2de0fce,mZS059d20210410,\\allen\aind\stage\hopkins_data\ZS059\mZS059d20210410\neuralynx\opto\20ms_2\raw_data.hdf5,ecephys/neuralynx/session/opto/20ms_2/raw_data.hdf5
behavior_ZS059_2021-04-11_15-41-45,ddac46bc-b4af-44c0-854e-44412ded727b,mZS059d20210411,\\allen\aind\stage\hopkins_data\ZS059\mZS059d20210411\neuralynx\session\raw_data.hdf5,ecephys/neuralynx/session/raw_data.hdf5
behavior_ZS059_2021-04-11_15-41-45,ddac46bc-b4af-44c0-854e-44412ded727b,mZS059d20210411,\\allen\aind\stage\hopkins_data\ZS059\mZS059d20210411\neuralynx\opto\20ms_1\raw_data.hdf5,ecephys/neuralynx/session/opto/20ms_1/raw_data.hdf5
behavior_ZS059_2021-04-11_15-41-45,ddac46bc-b4af-44c0-854e-44412ded727b,mZS059d20210411,\\allen\aind\stage\hopkins_data\ZS059\mZS059d20210411\neuralynx\opto\20ms_2\raw_data.hdf5,ecephys/neuralynx/session/opto/20ms_2/raw_data.hdf5
behavior_ZS059_2021-04-12_14-57-43,566ada61-532a-40c3-8848-59b9b685dc11,mZS059d20210412,\\allen\aind\stage\hopkins_data\ZS059\mZS059d20210412\neuralynx\session\raw_data.hdf5,ecephys/neuralynx/session/raw_data.hdf5
behavior_ZS059_2021-04-12_14-57-43,566ada61-532a-40c3-8848-59b9b685dc11,mZS059d20210412,\\allen\aind\stage\hopkins_data\ZS059\mZS059d20210412\neuralynx\opto\20ms_1\raw_data.hdf5,ecephys/neuralynx/session/opto/20ms_1/raw_data.hdf5
behavior_ZS059_2021-04-12_14-57-43,566ada61-532a-40c3-8848-59b9b685dc11,mZS059d20210412,\\allen\aind\stage\hopkins_data\ZS059\mZS059d20210412\neuralynx\opto\20ms_2\raw_data.hdf5,ecephys/neuralynx/session/opto/20ms_2/raw_data.hdf5
behavior_ZS059_2021-04-13_15-43-53,5884d64b-9340-42ed-b7f4-d0eed0d8979a,mZS059d20210413,\\allen\aind\stage\hopkins_data\ZS059\mZS059d20210413\neuralynx\session\raw_data.hdf5,ecephys/neuralynx/session/raw_data.hdf5
behavior_ZS059_2021-04-13_15-43-53,5884d64b-9340-42ed-b7f4-d0eed0d8979a,mZS059d20210413,\\allen\aind\stage\hopkins_data\ZS059\mZS059d20210413\neuralynx\opto\20ms_1\raw_data.hdf5,ecephys/neuralynx/session/opto/20ms_1/raw_data.hdf5
behavior_ZS059_2021-04-13_15-43-53,5884d64b-9340-42ed-b7f4-d0eed0d8979a,mZS059d20210413,\\allen\aind\stage\hopkins_data\ZS059\mZS059d20210413\neuralynx\opto\20ms_2\raw_data.hdf5,ecephys/neuralynx/session/opto/20ms_2/raw_data.hdf5
behavior_ZS059_2021-04-13_15-43-53,5884d64b-9340-42ed-b7f4-d0eed0d8979a,mZS059d20210413,\\allen\aind\stage\hopkins_data\ZS059\mZS059d20210413\neuralynx\opto\20ms_3\raw_data.hdf5,ecephys/neuralynx/session/opto/20ms_3/raw_data.hdf5
behavior_ZS059_2021-04-14_14-51-04,97aa0ae1-ec1a-4353-9c3e-6a72fcb8d2cd,mZS059d20210414,\\allen\aind\stage\hopkins_data\ZS059\mZS059d20210414\neuralynx\session\raw_data.hdf5,ecephys/neuralynx/session/raw_data.hdf5
behavior_ZS059_2021-04-14_14-51-04,97aa0ae1-ec1a-4353-9c3e-6a72fcb8d2cd,mZS059d20210414,\\allen\aind\stage\hopkins_data\ZS059\mZS059d20210414\neuralynx\opto\20ms_1\raw_data.hdf5,ecephys/neuralynx/session/opto/20ms_1/raw_data.hdf5
behavior_ZS059_2021-04-14_14-51-04,97aa0ae1-ec1a-4353-9c3e-6a72fcb8d2cd,mZS059d20210414,\\allen\aind\stage\hopkins_data\ZS059\mZS059d20210414\neuralynx\opto\20ms_2\raw_data.hdf5,ecephys/neuralynx/session/opto/20ms_2/raw_data.hdf5
behavior_ZS059_2021-04-15_15-29-28,5b1d15eb-cecf-4f44-b2e0-7f5f7cc2e1c5,mZS059d20210415,\\allen\aind\stage\hopkins_data\ZS059\mZS059d20210415\neuralynx\session\raw_data.hdf5,ecephys/neuralynx/session/raw_data.hdf5
behavior_ZS059_2021-04-15_15-29-28,5b1d15eb-cecf-4f44-b2e0-7f5f7cc2e1c5,mZS059d20210415,\\allen\aind\stage\hopkins_data\ZS059\mZS059d20210415\neuralynx\opto\20ms_1\raw_data.hdf5,ecephys/neuralynx/session/opto/20ms_1/raw_data.hdf5
behavior_ZS059_2021-04-15_15-29-28,5b1d15eb-cecf-4f44-b2e0-7f5f7cc2e1c5,mZS059d20210415,\\allen\aind\stage\hopkins_data\ZS059\mZS059d20210415\neuralynx\opto\20ms_2\raw_data.hdf5,ecephys/neuralynx/session/opto/20ms_2/raw_data.hdf5
behavior_ZS059_2021-04-16_14-50-15,c81a5e69-f19a-4d10-aea7-5eeb8174c6f4,mZS059d20210416,\\allen\aind\stage\hopkins_data\ZS059\mZS059d20210416\neuralynx\session\raw_data.hdf5,ecephys/neuralynx/session/raw_data.hdf5
behavior_ZS059_2021-04-16_14-50-15,c81a5e69-f19a-4d10-aea7-5eeb8174c6f4,mZS059d20210416,\\allen\aind\stage\hopkins_data\ZS059\mZS059d20210416\neuralynx\opto\20ms_1\raw_data.hdf5,ecephys/neuralynx/session/opto/20ms_1/raw_data.hdf5
behavior_ZS059_2021-04-16_14-50-15,c81a5e69-f19a-4d10-aea7-5eeb8174c6f4,mZS059d20210416,\\allen\aind\stage\hopkins_data\ZS059\mZS059d20210416\neuralynx\opto\20ms_2\raw_data.hdf5,ecephys/neuralynx/session/opto/20ms_2/raw_data.hdf5
behavior_ZS059_2021-04-17_15-44-53,cfa9e82b-8134-419a-b766-30d73524db17,mZS059d20210417,\\allen\aind\stage\hopkins_data\ZS059\mZS059d20210417\neuralynx\session\raw_data.hdf5,ecephys/neuralynx/session/raw_data.hdf5
behavior_ZS059_2021-04-17_15-44-53,cfa9e82b-8134-419a-b766-30d73524db17,mZS059d20210417,\\allen\aind\stage\hopkins_data\ZS059\mZS059d20210417\neuralynx\opto\20ms_1\raw_data.hdf5,ecephys/neuralynx/session/opto/20ms_1/raw_data.hdf5
behavior_ZS059_2021-04-18_17-26-19,9b4c8cc8-b19e-4def-9f0b-923659e61298,mZS059d20210418,\\allen\aind\stage\hopkins_data\ZS059\mZS059d20210418\neuralynx\opto\20ms_1\raw_data.hdf5,ecephys/neuralynx/session/opto/20ms_1/raw_data.hdf5
behavior_ZS059_2021-04-19_14-42-16,a43a0f1d-1f63-4471-9b15-a31c1e9ffa42,mZS059d20210419,\\allen\aind\stage\hopkins_data\ZS059\mZS059d20210419\neuralynx\session\raw_data.hdf5,ecephys/neuralynx/session/raw_data.hdf5
behavior_ZS059_2021-04-19_14-42-16,a43a0f1d-1f63-4471-9b15-a31c1e9ffa42,mZS059d20210419,\\allen\aind\stage\hopkins_data\ZS059\mZS059d20210419\neuralynx\opto\10ms\raw_data.hdf5,ecephys/neuralynx/session/opto/10ms/raw_data.hdf5
behavior_ZS059_2021-04-20_14-50-03,6c986a09-9975-4f36-881e-605864c91b38,mZS059d20210420,\\allen\aind\stage\hopkins_data\ZS059\mZS059d20210420\neuralynx\session\raw_data.hdf5,ecephys/neuralynx/session/raw_data.hdf5
behavior_ZS059_2021-04-20_14-50-03,6c986a09-9975-4f36-881e-605864c91b38,mZS059d20210420,\\allen\aind\stage\hopkins_data\ZS059\mZS059d20210420\neuralynx\opto\10ms\raw_data.hdf5,ecephys/neuralynx/session/opto/10ms/raw_data.hdf5
behavior_ZS059_2021-04-20_14-50-03,6c986a09-9975-4f36-881e-605864c91b38,mZS059d20210420,\\allen\aind\stage\hopkins_data\ZS059\mZS059d20210420\neuralynx\opto\20ms_1\raw_data.hdf5,ecephys/neuralynx/session/opto/20ms_1/raw_data.hdf5
behavior_ZS059_2021-04-21_15-58-55,93fe3c24-bd4c-48cc-9e1a-50ba59f35310,mZS059d20210421,\\allen\aind\stage\hopkins_data\ZS059\mZS059d20210421\neuralynx\session\raw_data.hdf5,ecephys/neuralynx/session/raw_data.hdf5
behavior_ZS059_2021-04-21_15-58-55,93fe3c24-bd4c-48cc-9e1a-50ba59f35310,mZS059d20210421,\\allen\aind\stage\hopkins_data\ZS059\mZS059d20210421\neuralynx\opto\10ms\raw_data.hdf5,ecephys/neuralynx/session/opto/10ms/raw_data.hdf5
behavior_ZS059_2021-04-21_15-58-55,93fe3c24-bd4c-48cc-9e1a-50ba59f35310,mZS059d20210421,\\allen\aind\stage\hopkins_data\ZS059\mZS059d20210421\neuralynx\opto\20ms\raw_data.hdf5,ecephys/neuralynx/session/opto/20ms/raw_data.hdf5
behavior_ZS059_2021-04-21_15-58-55,93fe3c24-bd4c-48cc-9e1a-50ba59f35310,mZS059d20210421,\\allen\aind\stage\hopkins_data\ZS059\mZS059d20210421\neuralynx\opto\20ms_1\raw_data.hdf5,ecephys/neuralynx/session/opto/20ms_1/raw_data.hdf5
behavior_ZS059_2021-04-22_15-11-25,b7483ca4-5d91-47c0-b4f2-63176cdf9a59,mZS059d20210422,\\allen\aind\stage\hopkins_data\ZS059\mZS059d20210422\neuralynx\session\raw_data.hdf5,ecephys/neuralynx/session/raw_data.hdf5
behavior_ZS059_2021-04-22_15-11-25,b7483ca4-5d91-47c0-b4f2-63176cdf9a59,mZS059d20210422,\\allen\aind\stage\hopkins_data\ZS059\mZS059d20210422\neuralynx\opto\10ms\raw_data.hdf5,ecephys/neuralynx/session/opto/10ms/raw_data.hdf5
behavior_ZS059_2021-04-22_15-11-25,b7483ca4-5d91-47c0-b4f2-63176cdf9a59,mZS059d20210422,\\allen\aind\stage\hopkins_data\ZS059\mZS059d20210422\neuralynx\opto\20ms\raw_data.hdf5,ecephys/neuralynx/session/opto/20ms/raw_data.hdf5
behavior_ZS059_2021-04-23_14-57-50,5afff9ff-12e0-4297-9539-d2e4e93de50a,mZS059d20210423,\\allen\aind\stage\hopkins_data\ZS059\mZS059d20210423\neuralynx\session\raw_data.hdf5,ecephys/neuralynx/session/raw_data.hdf5
behavior_ZS059_2021-04-23_14-57-50,5afff9ff-12e0-4297-9539-d2e4e93de50a,mZS059d20210423,\\allen\aind\stage\hopkins_data\ZS059\mZS059d20210423\neuralynx\opto\10ms\raw_data.hdf5,ecephys/neuralynx/session/opto/10ms/raw_data.hdf5
behavior_ZS059_2021-04-23_14-57-50,5afff9ff-12e0-4297-9539-d2e4e93de50a,mZS059d20210423,\\allen\aind\stage\hopkins_data\ZS059\mZS059d20210423\neuralynx\opto\20ms\raw_data.hdf5,ecephys/neuralynx/session/opto/20ms/raw_data.hdf5
behavior_ZS059_2021-04-24_15-38-10,77693355-db7b-42f9-b927-87e3827a66ad,mZS059d20210424,\\allen\aind\stage\hopkins_data\ZS059\mZS059d20210424\neuralynx\session\raw_data.hdf5,ecephys/neuralynx/session/raw_data.hdf5
behavior_ZS059_2021-04-24_15-38-10,77693355-db7b-42f9-b927-87e3827a66ad,mZS059d20210424,\\allen\aind\stage\hopkins_data\ZS059\mZS059d20210424\neuralynx\opto\20ms\raw_data.hdf5,ecephys/neuralynx/session/opto/20ms/raw_data.hdf5
behavior_ZS059_2021-04-25_16-22-31,74b05cc9-d29d-48f3-b309-57d5b7c57bab,mZS059d20210425,\\allen\aind\stage\hopkins_data\ZS059\mZS059d20210425\neuralynx\session\raw_data.hdf5,ecephys/neuralynx/session/raw_data.hdf5
behavior_ZS059_2021-04-25_16-22-31,74b05cc9-d29d-48f3-b309-57d5b7c57bab,mZS059d20210425,\\allen\aind\stage\hopkins_data\ZS059\mZS059d20210425\neuralynx\opto\20ms\raw_data.hdf5,ecephys/neuralynx/session/opto/20ms/raw_data.hdf5
behavior_ZS059_2021-04-26_14-44-03,35077244-584d-4101-ab1c-a49a677e6e4b,mZS059d20210426,\\allen\aind\stage\hopkins_data\ZS059\mZS059d20210426\neuralynx\session\raw_data.hdf5,ecephys/neuralynx/session/raw_data.hdf5
behavior_ZS059_2021-04-26_14-44-03,35077244-584d-4101-ab1c-a49a677e6e4b,mZS059d20210426,\\allen\aind\stage\hopkins_data\ZS059\mZS059d20210426\neuralynx\opto\10ms\raw_data.hdf5,ecephys/neuralynx/session/opto/10ms/raw_data.hdf5
behavior_ZS059_2021-04-27_15-12-43,488e6b43-601c-42f8-9de4-2abbf088f4eb,mZS059d20210427,\\allen\aind\stage\hopkins_data\ZS059\mZS059d20210427\neuralynx\opto\20ms\raw_data.hdf5,ecephys/neuralynx/session/opto/20ms/raw_data.hdf5
behavior_ZS059_2021-04-28_14-00-12,65587dca-4008-4b43-afd4-0c9968cf07c1,mZS059d20210428,\\allen\aind\stage\hopkins_data\ZS059\mZS059d20210428\neuralynx\opto\20ms\raw_data.hdf5,ecephys/neuralynx/session/opto/20ms/raw_data.hdf5
behavior_ZS059_2021-04-29_14-02-45,f3e12a7b-ae78-4fed-8a4a-6bc065016f85,mZS059d20210429,\\allen\aind\stage\hopkins_data\ZS059\mZS059d20210429\neuralynx\opto\20ms\raw_data.hdf5,ecephys/neuralynx/session/opto/20ms/raw_data.hdf5
behavior_ZS060_2021-03-24_15-40-00,1a3dc614-6daa-42a8-8dc5-1e81802d31ee,mZS060d20210324,\\allen\aind\stage\hopkins_data\ZS060\mZS060d20210324\neuralynx\opto\10ms\raw_data.hdf5,ecephys/neuralynx/session/opto/10ms/raw_data.hdf5
behavior_ZS060_2021-03-24_15-40-00,1a3dc614-6daa-42a8-8dc5-1e81802d31ee,mZS060d20210324,\\allen\aind\stage\hopkins_data\ZS060\mZS060d20210324\neuralynx\opto\200ms\raw_data.hdf5,ecephys/neuralynx/session/opto/200ms/raw_data.hdf5
behavior_ZS060_2021-03-27_17-11-43,14af55fe-e350-42b8-b8cb-2061c95f061e,mZS060d20210327,\\allen\aind\stage\hopkins_data\ZS060\mZS060d20210327\neuralynx\session\raw_data.hdf5,ecephys/neuralynx/session/raw_data.hdf5
behavior_ZS060_2021-03-27_17-11-43,14af55fe-e350-42b8-b8cb-2061c95f061e,mZS060d20210327,\\allen\aind\stage\hopkins_data\ZS060\mZS060d20210327\neuralynx\opto\200ms\raw_data.hdf5,ecephys/neuralynx/session/opto/200ms/raw_data.hdf5
behavior_ZS060_2021-03-27_17-11-43,14af55fe-e350-42b8-b8cb-2061c95f061e,mZS060d20210327,\\allen\aind\stage\hopkins_data\ZS060\mZS060d20210327\neuralynx\opto\20ms\raw_data.hdf5,ecephys/neuralynx/session/opto/20ms/raw_data.hdf5
behavior_ZS060_2021-03-28_15-27-56,08c59e3a-318d-4ed6-a213-afbd58cab2d8,mZS060d20210328,\\allen\aind\stage\hopkins_data\ZS060\mZS060d20210328\neuralynx\session\raw_data.hdf5,ecephys/neuralynx/session/raw_data.hdf5
behavior_ZS060_2021-03-28_15-27-56,08c59e3a-318d-4ed6-a213-afbd58cab2d8,mZS060d20210328,\\allen\aind\stage\hopkins_data\ZS060\mZS060d20210328\neuralynx\opto\20ms\raw_data.hdf5,ecephys/neuralynx/session/opto/20ms/raw_data.hdf5
behavior_ZS060_2021-03-29_16-21-37,5ff8ac39-61ba-4679-96eb-d28fffbef07d,mZS060d20210329,\\allen\aind\stage\hopkins_data\ZS060\mZS060d20210329\neuralynx\session\raw_data.hdf5,ecephys/neuralynx/session/raw_data.hdf5
behavior_ZS060_2021-03-29_16-21-37,5ff8ac39-61ba-4679-96eb-d28fffbef07d,mZS060d20210329,\\allen\aind\stage\hopkins_data\ZS060\mZS060d20210329\neuralynx\opto\200ms\raw_data.hdf5,ecephys/neuralynx/session/opto/200ms/raw_data.hdf5
behavior_ZS060_2021-03-29_16-21-37,5ff8ac39-61ba-4679-96eb-d28fffbef07d,mZS060d20210329,\\allen\aind\stage\hopkins_data\ZS060\mZS060d20210329\neuralynx\opto\20ms\raw_data.hdf5,ecephys/neuralynx/session/opto/20ms/raw_data.hdf5
behavior_ZS060_2021-03-30_16-13-03,5a88bc36-e0e0-4f97-b419-d4fb75ea390e,mZS060d20210330,\\allen\aind\stage\hopkins_data\ZS060\mZS060d20210330\neuralynx\session\raw_data.hdf5,ecephys/neuralynx/session/raw_data.hdf5
behavior_ZS060_2021-03-30_16-13-03,5a88bc36-e0e0-4f97-b419-d4fb75ea390e,mZS060d20210330,\\allen\aind\stage\hopkins_data\ZS060\mZS060d20210330\neuralynx\opto\20ms\raw_data.hdf5,ecephys/neuralynx/session/opto/20ms/raw_data.hdf5
behavior_ZS060_2021-04-07_15-21-40,bf662e03-2a95-46ff-8933-b4dc86f30424,mZS060d20210407,\\allen\aind\stage\hopkins_data\ZS060\mZS060d20210407\neuralynx\session\raw_data.hdf5,ecephys/neuralynx/session/raw_data.hdf5
behavior_ZS060_2021-04-07_15-21-40,bf662e03-2a95-46ff-8933-b4dc86f30424,mZS060d20210407,\\allen\aind\stage\hopkins_data\ZS060\mZS060d20210407\neuralynx\opto\20ms_1\raw_data.hdf5,ecephys/neuralynx/session/opto/20ms_1/raw_data.hdf5
behavior_ZS060_2021-04-07_15-21-40,bf662e03-2a95-46ff-8933-b4dc86f30424,mZS060d20210407,\\allen\aind\stage\hopkins_data\ZS060\mZS060d20210407\neuralynx\opto\20ms_2\raw_data.hdf5,ecephys/neuralynx/session/opto/20ms_2/raw_data.hdf5
behavior_ZS060_2021-04-08_16-55-35,ee07aeb0-4de5-45de-b98e-1e35fda85c9f,mZS060d20210408,\\allen\aind\stage\hopkins_data\ZS060\mZS060d20210408\neuralynx\session\raw_data.hdf5,ecephys/neuralynx/session/raw_data.hdf5
behavior_ZS060_2021-04-08_16-55-35,ee07aeb0-4de5-45de-b98e-1e35fda85c9f,mZS060d20210408,\\allen\aind\stage\hopkins_data\ZS060\mZS060d20210408\neuralynx\opto\20ms_1\raw_data.hdf5,ecephys/neuralynx/session/opto/20ms_1/raw_data.hdf5
behavior_ZS060_2021-04-08_16-55-35,ee07aeb0-4de5-45de-b98e-1e35fda85c9f,mZS060d20210408,\\allen\aind\stage\hopkins_data\ZS060\mZS060d20210408\neuralynx\opto\20ms_2\raw_data.hdf5,ecephys/neuralynx/session/opto/20ms_2/raw_data.hdf5
behavior_ZS060_2021-04-09_17-07-51,07a49cd1-d22b-4fc3-bb22-6cc196bc40f2,mZS060d20210409,\\allen\aind\stage\hopkins_data\ZS060\mZS060d20210409\neuralynx\session\raw_data.hdf5,ecephys/neuralynx/session/raw_data.hdf5
behavior_ZS060_2021-04-09_17-07-51,07a49cd1-d22b-4fc3-bb22-6cc196bc40f2,mZS060d20210409,\\allen\aind\stage\hopkins_data\ZS060\mZS060d20210409\neuralynx\opto\200ms\raw_data.hdf5,ecephys/neuralynx/session/opto/200ms/raw_data.hdf5
behavior_ZS060_2021-04-09_17-07-51,07a49cd1-d22b-4fc3-bb22-6cc196bc40f2,mZS060d20210409,\\allen\aind\stage\hopkins_data\ZS060\mZS060d20210409\neuralynx\opto\20ms_1\raw_data.hdf5,ecephys/neuralynx/session/opto/20ms_1/raw_data.hdf5
behavior_ZS060_2021-04-10_16-58-41,17faac0e-f7cb-4eea-b995-95445112a5a7,mZS060d20210410,\\allen\aind\stage\hopkins_data\ZS060\mZS060d20210410\neuralynx\opto\20ms_1\raw_data.hdf5,ecephys/neuralynx/session/opto/20ms_1/raw_data.hdf5
behavior_ZS060_2021-04-11_16-41-30,61a640ca-5e83-4471-9a96-a48cb70a00ab,mZS060d20210411,\\allen\aind\stage\hopkins_data\ZS060\mZS060d20210411\neuralynx\opto\200ms\raw_data.hdf5,ecephys/neuralynx/session/opto/200ms/raw_data.hdf5
behavior_ZS060_2021-04-12_15-57-59,0b3ee4f5-b4ce-4c67-b024-aa75c691a373,mZS060d20210412,\\allen\aind\stage\hopkins_data\ZS060\mZS060d20210412\neuralynx\opto\200ms\raw_data.hdf5,ecephys/neuralynx/session/opto/200ms/raw_data.hdf5
behavior_ZS060_2021-04-15_19-06-02,9ba22d94-0a63-464f-aee8-cb8a82b26986,mZS060d20210415,\\allen\aind\stage\hopkins_data\ZS060\mZS060d20210415\neuralynx\session\raw_data.hdf5,ecephys/neuralynx/session/raw_data.hdf5
behavior_ZS060_2021-04-15_19-06-02,9ba22d94-0a63-464f-aee8-cb8a82b26986,mZS060d20210415,\\allen\aind\stage\hopkins_data\ZS060\mZS060d20210415\neuralynx\opto\20ms_1\raw_data.hdf5,ecephys/neuralynx/session/opto/20ms_1/raw_data.hdf5
behavior_ZS060_2021-04-15_19-06-02,9ba22d94-0a63-464f-aee8-cb8a82b26986,mZS060d20210415,\\allen\aind\stage\hopkins_data\ZS060\mZS060d20210415\neuralynx\opto\20ms_2\raw_data.hdf5,ecephys/neuralynx/session/opto/20ms_2/raw_data.hdf5
behavior_ZS060_2021-04-16_16-09-11,4ae40447-4db5-46ca-96dd-d22ef7d26834,mZS060d20210416,\\allen\aind\stage\hopkins_data\ZS060\mZS060d20210416\neuralynx\session\raw_data.hdf5,ecephys/neuralynx/session/raw_data.hdf5
behavior_ZS060_2021-04-16_16-09-11,4ae40447-4db5-46ca-96dd-d22ef7d26834,mZS060d20210416,\\allen\aind\stage\hopkins_data\ZS060\mZS060d20210416\neuralynx\opto\20ms_1\raw_data.hdf5,ecephys/neuralynx/session/opto/20ms_1/raw_data.hdf5
behavior_ZS060_2021-04-21_19-23-52,ec4a821e-fa51-41e4-93c5-4127f1cb0bb3,mZS060d20210421,\\allen\aind\stage\hopkins_data\ZS060\mZS060d20210421\neuralynx\opto\10ms\raw_data.hdf5,ecephys/neuralynx/session/opto/10ms/raw_data.hdf5
behavior_ZS060_2021-04-23_18-34-53,280e0d0a-9302-4661-a4e4-8321bfd0ee64,mZS060d20210423,\\allen\aind\stage\hopkins_data\ZS060\mZS060d20210423\neuralynx\session\raw_data.hdf5,ecephys/neuralynx/session/raw_data.hdf5
behavior_ZS060_2021-04-23_18-34-53,280e0d0a-9302-4661-a4e4-8321bfd0ee64,mZS060d20210423,\\allen\aind\stage\hopkins_data\ZS060\mZS060d20210423\neuralynx\opto\10ms\raw_data.hdf5,ecephys/neuralynx/session/opto/10ms/raw_data.hdf5
behavior_ZS060_2021-04-23_18-34-53,280e0d0a-9302-4661-a4e4-8321bfd0ee64,mZS060d20210423,\\allen\aind\stage\hopkins_data\ZS060\mZS060d20210423\neuralynx\opto\10ms_2\raw_data.hdf5,ecephys/neuralynx/session/opto/10ms_2/raw_data.hdf5
behavior_ZS060_2021-04-25_19-51-06,c3641e96-9dd2-44d4-8ea2-75715aeda654,mZS060d20210425,\\allen\aind\stage\hopkins_data\ZS060\mZS060d20210425\neuralynx\session\raw_data.hdf5,ecephys/neuralynx/session/raw_data.hdf5
behavior_ZS060_2021-04-25_19-51-06,c3641e96-9dd2-44d4-8ea2-75715aeda654,mZS060d20210425,\\allen\aind\stage\hopkins_data\ZS060\mZS060d20210425\neuralynx\opto\10ms\raw_data.hdf5,ecephys/neuralynx/session/opto/10ms/raw_data.hdf5
behavior_ZS060_2021-04-25_19-51-06,c3641e96-9dd2-44d4-8ea2-75715aeda654,mZS060d20210425,\\allen\aind\stage\hopkins_data\ZS060\mZS060d20210425\neuralynx\opto\20ms\raw_data.hdf5,ecephys/neuralynx/session/opto/20ms/raw_data.hdf5
behavior_ZS060_2021-04-26_19-24-52,4cadb72e-43b0-4234-b108-675eb4fde5a6,mZS060d20210426,\\allen\aind\stage\hopkins_data\ZS060\mZS060d20210426\neuralynx\session\raw_data.hdf5,ecephys/neuralynx/session/raw_data.hdf5
behavior_ZS060_2021-04-26_19-24-52,4cadb72e-43b0-4234-b108-675eb4fde5a6,mZS060d20210426,\\allen\aind\stage\hopkins_data\ZS060\mZS060d20210426\neuralynx\opto\10ms\raw_data.hdf5,ecephys/neuralynx/session/opto/10ms/raw_data.hdf5
behavior_ZS060_2021-04-27_16-21-43,cd2c5c47-1975-4814-87ee-c04c78f61d52,mZS060d20210427,\\allen\aind\stage\hopkins_data\ZS060\mZS060d20210427\neuralynx\opto\20ms\raw_data.hdf5,ecephys/neuralynx/session/opto/20ms/raw_data.hdf5
behavior_ZS060_2021-04-28_15-16-45,4a2e9230-00d9-4781-858a-1b2d4a2e67b0,mZS060d20210428,\\allen\aind\stage\hopkins_data\ZS060\mZS060d20210428\neuralynx\session\raw_data.hdf5,ecephys/neuralynx/session/raw_data.hdf5
behavior_ZS060_2021-04-28_15-16-45,4a2e9230-00d9-4781-858a-1b2d4a2e67b0,mZS060d20210428,\\allen\aind\stage\hopkins_data\ZS060\mZS060d20210428\neuralynx\opto\10ms\raw_data.hdf5,ecephys/neuralynx/session/opto/10ms/raw_data.hdf5
behavior_ZS060_2021-04-28_15-16-45,4a2e9230-00d9-4781-858a-1b2d4a2e67b0,mZS060d20210428,\\allen\aind\stage\hopkins_data\ZS060\mZS060d20210428\neuralynx\opto\20ms\raw_data.hdf5,ecephys/neuralynx/session/opto/20ms/raw_data.hdf5
behavior_ZS061_2021-03-17_16-00-53,f0544376-6543-4d5c-a0ab-0279379023be,mZS061d20210317,\\allen\aind\stage\hopkins_data\ZS061\mZS061d20210317\neuralynx\session\raw_data.hdf5,ecephys/neuralynx/session/raw_data.hdf5
behavior_ZS061_2021-03-17_16-00-53,f0544376-6543-4d5c-a0ab-0279379023be,mZS061d20210317,\\allen\aind\stage\hopkins_data\ZS061\mZS061d20210317\neuralynx\opto\10ms_2\raw_data.hdf5,ecephys/neuralynx/session/opto/10ms_2/raw_data.hdf5
behavior_ZS061_2021-03-17_16-00-53,f0544376-6543-4d5c-a0ab-0279379023be,mZS061d20210317,\\allen\aind\stage\hopkins_data\ZS061\mZS061d20210317\neuralynx\opto\200ms\raw_data.hdf5,ecephys/neuralynx/session/opto/200ms/raw_data.hdf5
behavior_ZS061_2021-03-18_17-39-19,f4599aa0-dfa6-46ca-b87e-fd1d5133572b,mZS061d20210318,\\allen\aind\stage\hopkins_data\ZS061\mZS061d20210318\neuralynx\session\raw_data.hdf5,ecephys/neuralynx/session/raw_data.hdf5
behavior_ZS061_2021-03-18_17-39-19,f4599aa0-dfa6-46ca-b87e-fd1d5133572b,mZS061d20210318,\\allen\aind\stage\hopkins_data\ZS061\mZS061d20210318\neuralynx\opto\10ms\raw_data.hdf5,ecephys/neuralynx/session/opto/10ms/raw_data.hdf5
behavior_ZS061_2021-03-19_17-52-45,856e33c5-9d3a-460a-ab26-d9f4b59b5798,mZS061d20210319,\\allen\aind\stage\hopkins_data\ZS061\mZS061d20210319\neuralynx\session\raw_data.hdf5,ecephys/neuralynx/session/raw_data.hdf5
behavior_ZS061_2021-03-19_17-52-45,856e33c5-9d3a-460a-ab26-d9f4b59b5798,mZS061d20210319,\\allen\aind\stage\hopkins_data\ZS061\mZS061d20210319\neuralynx\opto\10ms\raw_data.hdf5,ecephys/neuralynx/session/opto/10ms/raw_data.hdf5
behavior_ZS061_2021-03-19_17-52-45,856e33c5-9d3a-460a-ab26-d9f4b59b5798,mZS061d20210319,\\allen\aind\stage\hopkins_data\ZS061\mZS061d20210319\neuralynx\opto\200ms\raw_data.hdf5,ecephys/neuralynx/session/opto/200ms/raw_data.hdf5
behavior_ZS061_2021-03-19_17-52-45,856e33c5-9d3a-460a-ab26-d9f4b59b5798,mZS061d20210319,\\allen\aind\stage\hopkins_data\ZS061\mZS061d20210319\neuralynx\opto\200ms2\raw_data.hdf5,ecephys/neuralynx/session/opto/200ms2/raw_data.hdf5
behavior_ZS061_2021-03-20_18-03-26,1d385e14-4b79-4113-9ae9-2ea259f62045,mZS061d20210320,\\allen\aind\stage\hopkins_data\ZS061\mZS061d20210320\neuralynx\session\raw_data.hdf5,ecephys/neuralynx/session/raw_data.hdf5
behavior_ZS061_2021-03-20_18-03-26,1d385e14-4b79-4113-9ae9-2ea259f62045,mZS061d20210320,\\allen\aind\stage\hopkins_data\ZS061\mZS061d20210320\neuralynx\opto\10ms\raw_data.hdf5,ecephys/neuralynx/session/opto/10ms/raw_data.hdf5
behavior_ZS061_2021-03-20_18-03-26,1d385e14-4b79-4113-9ae9-2ea259f62045,mZS061d20210320,\\allen\aind\stage\hopkins_data\ZS061\mZS061d20210320\neuralynx\opto\10ms_1\raw_data.hdf5,ecephys/neuralynx/session/opto/10ms_1/raw_data.hdf5
behavior_ZS061_2021-03-20_18-03-26,1d385e14-4b79-4113-9ae9-2ea259f62045,mZS061d20210320,\\allen\aind\stage\hopkins_data\ZS061\mZS061d20210320\neuralynx\opto\200ms\raw_data.hdf5,ecephys/neuralynx/session/opto/200ms/raw_data.hdf5
behavior_ZS061_2021-03-21_17-37-00,8b9a0267-e865-4dcc-92f0-f1e5d48f0ac6,mZS061d20210321,\\allen\aind\stage\hopkins_data\ZS061\mZS061d20210321\neuralynx\session\raw_data.hdf5,ecephys/neuralynx/session/raw_data.hdf5
behavior_ZS061_2021-03-21_17-37-00,8b9a0267-e865-4dcc-92f0-f1e5d48f0ac6,mZS061d20210321,\\allen\aind\stage\hopkins_data\ZS061\mZS061d20210321\neuralynx\opto\10ms\raw_data.hdf5,ecephys/neuralynx/session/opto/10ms/raw_data.hdf5
behavior_ZS061_2021-03-21_17-37-00,8b9a0267-e865-4dcc-92f0-f1e5d48f0ac6,mZS061d20210321,\\allen\aind\stage\hopkins_data\ZS061\mZS061d20210321\neuralynx\opto\10ms_2\raw_data.hdf5,ecephys/neuralynx/session/opto/10ms_2/raw_data.hdf5
behavior_ZS061_2021-03-21_17-37-00,8b9a0267-e865-4dcc-92f0-f1e5d48f0ac6,mZS061d20210321,\\allen\aind\stage\hopkins_data\ZS061\mZS061d20210321\neuralynx\opto\200ms\raw_data.hdf5,ecephys/neuralynx/session/opto/200ms/raw_data.hdf5
behavior_ZS061_2021-03-22_17-35-53,daf6a1cf-87e5-4dc9-a975-4a98e47572d9,mZS061d20210322,\\allen\aind\stage\hopkins_data\ZS061\mZS061d20210322\neuralynx\session\raw_data.hdf5,ecephys/neuralynx/session/raw_data.hdf5
behavior_ZS061_2021-03-22_17-35-53,daf6a1cf-87e5-4dc9-a975-4a98e47572d9,mZS061d20210322,\\allen\aind\stage\hopkins_data\ZS061\mZS061d20210322\neuralynx\opto\10ms\raw_data.hdf5,ecephys/neuralynx/session/opto/10ms/raw_data.hdf5
behavior_ZS061_2021-03-22_17-35-53,daf6a1cf-87e5-4dc9-a975-4a98e47572d9,mZS061d20210322,\\allen\aind\stage\hopkins_data\ZS061\mZS061d20210322\neuralynx\opto\200ms\raw_data.hdf5,ecephys/neuralynx/session/opto/200ms/raw_data.hdf5
behavior_ZS061_2021-03-23_16-08-12,4a76ef51-178a-4e68-b479-fd9a7f672380,mZS061d20210323,\\allen\aind\stage\hopkins_data\ZS061\mZS061d20210323\neuralynx\session\raw_data.hdf5,ecephys/neuralynx/session/raw_data.hdf5
behavior_ZS061_2021-03-23_16-08-12,4a76ef51-178a-4e68-b479-fd9a7f672380,mZS061d20210323,\\allen\aind\stage\hopkins_data\ZS061\mZS061d20210323\neuralynx\opto\10ms\raw_data.hdf5,ecephys/neuralynx/session/opto/10ms/raw_data.hdf5
behavior_ZS061_2021-03-23_16-08-12,4a76ef51-178a-4e68-b479-fd9a7f672380,mZS061d20210323,\\allen\aind\stage\hopkins_data\ZS061\mZS061d20210323\neuralynx\opto\200ms\raw_data.hdf5,ecephys/neuralynx/session/opto/200ms/raw_data.hdf5
behavior_ZS061_2021-03-24_17-24-09,f23f7bcb-f3f3-49c7-82db-8cd00c54cb22,mZS061d20210324,\\allen\aind\stage\hopkins_data\ZS061\mZS061d20210324\neuralynx\session\raw_data.hdf5,ecephys/neuralynx/session/raw_data.hdf5
behavior_ZS061_2021-03-24_17-24-09,f23f7bcb-f3f3-49c7-82db-8cd00c54cb22,mZS061d20210324,\\allen\aind\stage\hopkins_data\ZS061\mZS061d20210324\neuralynx\opto\10ms\raw_data.hdf5,ecephys/neuralynx/session/opto/10ms/raw_data.hdf5
behavior_ZS061_2021-03-24_17-24-09,f23f7bcb-f3f3-49c7-82db-8cd00c54cb22,mZS061d20210324,\\allen\aind\stage\hopkins_data\ZS061\mZS061d20210324\neuralynx\opto\10ms_1\raw_data.hdf5,ecephys/neuralynx/session/opto/10ms_1/raw_data.hdf5
behavior_ZS061_2021-03-24_17-24-09,f23f7bcb-f3f3-49c7-82db-8cd00c54cb22,mZS061d20210324,\\allen\aind\stage\hopkins_data\ZS061\mZS061d20210324\neuralynx\opto\10ms_2\raw_data.hdf5,ecephys/neuralynx/session/opto/10ms_2/raw_data.hdf5
behavior_ZS061_2021-03-24_17-24-09,f23f7bcb-f3f3-49c7-82db-8cd00c54cb22,mZS061d20210324,\\allen\aind\stage\hopkins_data\ZS061\mZS061d20210324\neuralynx\opto\20ms\raw_data.hdf5,ecephys/neuralynx/session/opto/20ms/raw_data.hdf5
behavior_ZS061_2021-03-25_17-12-27,fa96e14f-f54a-4847-aec6-cf427255d74f,mZS061d20210325,\\allen\aind\stage\hopkins_data\ZS061\mZS061d20210325\neuralynx\session\raw_data.hdf5,ecephys/neuralynx/session/raw_data.hdf5
behavior_ZS061_2021-03-25_17-12-27,fa96e14f-f54a-4847-aec6-cf427255d74f,mZS061d20210325,\\allen\aind\stage\hopkins_data\ZS061\mZS061d20210325\neuralynx\opto\10ms\raw_data.hdf5,ecephys/neuralynx/session/opto/10ms/raw_data.hdf5
behavior_ZS061_2021-03-25_17-12-27,fa96e14f-f54a-4847-aec6-cf427255d74f,mZS061d20210325,\\allen\aind\stage\hopkins_data\ZS061\mZS061d20210325\neuralynx\opto\20ms\raw_data.hdf5,ecephys/neuralynx/session/opto/20ms/raw_data.hdf5
behavior_ZS061_2021-03-25_17-12-27,fa96e14f-f54a-4847-aec6-cf427255d74f,mZS061d20210325,\\allen\aind\stage\hopkins_data\ZS061\mZS061d20210325\neuralynx\opto\20ms_2\raw_data.hdf5,ecephys/neuralynx/session/opto/20ms_2/raw_data.hdf5
behavior_ZS061_2021-03-26_17-28-33,532e33f2-0118-4a28-8854-1a376d8862b0,mZS061d20210326,\\allen\aind\stage\hopkins_data\ZS061\mZS061d20210326\neuralynx\session\raw_data.hdf5,ecephys/neuralynx/session/raw_data.hdf5
behavior_ZS061_2021-03-26_17-28-33,532e33f2-0118-4a28-8854-1a376d8862b0,mZS061d20210326,\\allen\aind\stage\hopkins_data\ZS061\mZS061d20210326\neuralynx\opto\10ms\raw_data.hdf5,ecephys/neuralynx/session/opto/10ms/raw_data.hdf5
behavior_ZS061_2021-03-26_17-28-33,532e33f2-0118-4a28-8854-1a376d8862b0,mZS061d20210326,\\allen\aind\stage\hopkins_data\ZS061\mZS061d20210326\neuralynx\opto\200ms\raw_data.hdf5,ecephys/neuralynx/session/opto/200ms/raw_data.hdf5
behavior_ZS061_2021-03-26_17-28-33,532e33f2-0118-4a28-8854-1a376d8862b0,mZS061d20210326,\\allen\aind\stage\hopkins_data\ZS061\mZS061d20210326\neuralynx\opto\20ms\raw_data.hdf5,ecephys/neuralynx/session/opto/20ms/raw_data.hdf5
behavior_ZS061_2021-03-27_18-20-45,ca6f16b2-8f7b-4f00-a5f3-ac25a18eb904,mZS061d20210327,\\allen\aind\stage\hopkins_data\ZS061\mZS061d20210327\neuralynx\session\raw_data.hdf5,ecephys/neuralynx/session/raw_data.hdf5
behavior_ZS061_2021-03-27_18-20-45,ca6f16b2-8f7b-4f00-a5f3-ac25a18eb904,mZS061d20210327,\\allen\aind\stage\hopkins_data\ZS061\mZS061d20210327\neuralynx\opto\200ms\raw_data.hdf5,ecephys/neuralynx/session/opto/200ms/raw_data.hdf5
behavior_ZS061_2021-03-27_18-20-45,ca6f16b2-8f7b-4f00-a5f3-ac25a18eb904,mZS061d20210327,\\allen\aind\stage\hopkins_data\ZS061\mZS061d20210327\neuralynx\opto\20ms\raw_data.hdf5,ecephys/neuralynx/session/opto/20ms/raw_data.hdf5
behavior_ZS061_2021-03-28_16-35-51,dc36ff5f-a617-4de1-b168-a97d9a1f11db,mZS061d20210328,\\allen\aind\stage\hopkins_data\ZS061\mZS061d20210328\neuralynx\session\raw_data.hdf5,ecephys/neuralynx/session/raw_data.hdf5
behavior_ZS061_2021-03-28_16-35-51,dc36ff5f-a617-4de1-b168-a97d9a1f11db,mZS061d20210328,\\allen\aind\stage\hopkins_data\ZS061\mZS061d20210328\neuralynx\opto\200ms\raw_data.hdf5,ecephys/neuralynx/session/opto/200ms/raw_data.hdf5
behavior_ZS061_2021-03-28_16-35-51,dc36ff5f-a617-4de1-b168-a97d9a1f11db,mZS061d20210328,\\allen\aind\stage\hopkins_data\ZS061\mZS061d20210328\neuralynx\opto\20ms\raw_data.hdf5,ecephys/neuralynx/session/opto/20ms/raw_data.hdf5
behavior_ZS061_2021-03-29_17-48-18,cb809aed-7e90-4022-8dad-62f06cc2051c,mZS061d20210329,\\allen\aind\stage\hopkins_data\ZS061\mZS061d20210329\neuralynx\session\raw_data.hdf5,ecephys/neuralynx/session/raw_data.hdf5
behavior_ZS061_2021-03-29_17-48-18,cb809aed-7e90-4022-8dad-62f06cc2051c,mZS061d20210329,\\allen\aind\stage\hopkins_data\ZS061\mZS061d20210329\neuralynx\opto\200ms\raw_data.hdf5,ecephys/neuralynx/session/opto/200ms/raw_data.hdf5
behavior_ZS061_2021-03-29_17-48-18,cb809aed-7e90-4022-8dad-62f06cc2051c,mZS061d20210329,\\allen\aind\stage\hopkins_data\ZS061\mZS061d20210329\neuralynx\opto\20ms\raw_data.hdf5,ecephys/neuralynx/session/opto/20ms/raw_data.hdf5
behavior_ZS061_2021-03-30_16-57-26,e8b3e27d-229f-4d73-a1b7-0f5d36c3906a,mZS061d20210330,\\allen\aind\stage\hopkins_data\ZS061\mZS061d20210330\neuralynx\session\raw_data.hdf5,ecephys/neuralynx/session/raw_data.hdf5
behavior_ZS061_2021-03-30_16-57-26,e8b3e27d-229f-4d73-a1b7-0f5d36c3906a,mZS061d20210330,\\allen\aind\stage\hopkins_data\ZS061\mZS061d20210330\neuralynx\opto\200ms\raw_data.hdf5,ecephys/neuralynx/session/opto/200ms/raw_data.hdf5
behavior_ZS061_2021-03-30_16-57-26,e8b3e27d-229f-4d73-a1b7-0f5d36c3906a,mZS061d20210330,\\allen\aind\stage\hopkins_data\ZS061\mZS061d20210330\neuralynx\opto\20ms\raw_data.hdf5,ecephys/neuralynx/session/opto/20ms/raw_data.hdf5
behavior_ZS061_2021-03-31_17-15-48,381aef45-ead5-4df7-9f0e-7178090e66d3,mZS061d20210331,\\allen\aind\stage\hopkins_data\ZS061\mZS061d20210331\neuralynx\session\raw_data.hdf5,ecephys/neuralynx/session/raw_data.hdf5
behavior_ZS061_2021-03-31_17-15-48,381aef45-ead5-4df7-9f0e-7178090e66d3,mZS061d20210331,\\allen\aind\stage\hopkins_data\ZS061\mZS061d20210331\neuralynx\opto\200ms\raw_data.hdf5,ecephys/neuralynx/session/opto/200ms/raw_data.hdf5
behavior_ZS061_2021-03-31_17-15-48,381aef45-ead5-4df7-9f0e-7178090e66d3,mZS061d20210331,\\allen\aind\stage\hopkins_data\ZS061\mZS061d20210331\neuralynx\opto\20ms\raw_data.hdf5,ecephys/neuralynx/session/opto/20ms/raw_data.hdf5
behavior_ZS061_2021-04-01_16-38-03,0750c396-4a35-4d01-944c-531a1b66cd93,mZS061d20210401,\\allen\aind\stage\hopkins_data\ZS061\mZS061d20210401\neuralynx\session\raw_data.hdf5,ecephys/neuralynx/session/raw_data.hdf5
behavior_ZS061_2021-04-01_16-38-03,0750c396-4a35-4d01-944c-531a1b66cd93,mZS061d20210401,\\allen\aind\stage\hopkins_data\ZS061\mZS061d20210401\neuralynx\opto\200ms\raw_data.hdf5,ecephys/neuralynx/session/opto/200ms/raw_data.hdf5
behavior_ZS061_2021-04-01_16-38-03,0750c396-4a35-4d01-944c-531a1b66cd93,mZS061d20210401,\\allen\aind\stage\hopkins_data\ZS061\mZS061d20210401\neuralynx\opto\20ms\raw_data.hdf5,ecephys/neuralynx/session/opto/20ms/raw_data.hdf5
behavior_ZS061_2021-04-01_16-38-03,0750c396-4a35-4d01-944c-531a1b66cd93,mZS061d20210401,\\allen\aind\stage\hopkins_data\ZS061\mZS061d20210401\neuralynx\opto\20ms_2\raw_data.hdf5,ecephys/neuralynx/session/opto/20ms_2/raw_data.hdf5
behavior_ZS061_2021-04-02_17-53-41,9aade5b3-d4e5-48e7-91b1-de89ebe928ff,mZS061d20210402,\\allen\aind\stage\hopkins_data\ZS061\mZS061d20210402\neuralynx\session\raw_data.hdf5,ecephys/neuralynx/session/raw_data.hdf5
behavior_ZS061_2021-04-02_17-53-41,9aade5b3-d4e5-48e7-91b1-de89ebe928ff,mZS061d20210402,\\allen\aind\stage\hopkins_data\ZS061\mZS061d20210402\neuralynx\opto\200ms\raw_data.hdf5,ecephys/neuralynx/session/opto/200ms/raw_data.hdf5
behavior_ZS061_2021-04-02_17-53-41,9aade5b3-d4e5-48e7-91b1-de89ebe928ff,mZS061d20210402,\\allen\aind\stage\hopkins_data\ZS061\mZS061d20210402\neuralynx\opto\20ms\raw_data.hdf5,ecephys/neuralynx/session/opto/20ms/raw_data.hdf5
behavior_ZS061_2021-04-03_18-50-29,902891f6-f5d9-485f-a4cd-af6c9083e3f6,mZS061d20210403,\\allen\aind\stage\hopkins_data\ZS061\mZS061d20210403\neuralynx\opto\200ms\raw_data.hdf5,ecephys/neuralynx/session/opto/200ms/raw_data.hdf5
behavior_ZS061_2021-04-03_18-50-29,902891f6-f5d9-485f-a4cd-af6c9083e3f6,mZS061d20210403,\\allen\aind\stage\hopkins_data\ZS061\mZS061d20210403\neuralynx\opto\20ms\raw_data.hdf5,ecephys/neuralynx/session/opto/20ms/raw_data.hdf5
behavior_ZS061_2021-04-04_17-43-18,758f4aee-062f-46dd-a9b8-3752819937ff,mZS061d20210404,\\allen\aind\stage\hopkins_data\ZS061\mZS061d20210404\neuralynx\session\raw_data.hdf5,ecephys/neuralynx/session/raw_data.hdf5
behavior_ZS061_2021-04-04_17-43-18,758f4aee-062f-46dd-a9b8-3752819937ff,mZS061d20210404,\\allen\aind\stage\hopkins_data\ZS061\mZS061d20210404\neuralynx\opto\200ms\raw_data.hdf5,ecephys/neuralynx/session/opto/200ms/raw_data.hdf5
behavior_ZS061_2021-04-04_17-43-18,758f4aee-062f-46dd-a9b8-3752819937ff,mZS061d20210404,\\allen\aind\stage\hopkins_data\ZS061\mZS061d20210404\neuralynx\opto\20ms\raw_data.hdf5,ecephys/neuralynx/session/opto/20ms/raw_data.hdf5
behavior_ZS061_2021-04-05_18-01-32,0f01cfa8-4598-4bb3-8043-850b67a63358,mZS061d20210405,\\allen\aind\stage\hopkins_data\ZS061\mZS061d20210405\neuralynx\session\raw_data.hdf5,ecephys/neuralynx/session/raw_data.hdf5
behavior_ZS061_2021-04-05_18-01-32,0f01cfa8-4598-4bb3-8043-850b67a63358,mZS061d20210405,\\allen\aind\stage\hopkins_data\ZS061\mZS061d20210405\neuralynx\opto\20ms\raw_data.hdf5,ecephys/neuralynx/session/opto/20ms/raw_data.hdf5
behavior_ZS061_2021-04-05_18-01-32,0f01cfa8-4598-4bb3-8043-850b67a63358,mZS061d20210405,\\allen\aind\stage\hopkins_data\ZS061\mZS061d20210405\neuralynx\opto\20ms_1\raw_data.hdf5,ecephys/neuralynx/session/opto/20ms_1/raw_data.hdf5
behavior_ZS061_2021-04-06_16-13-38,474f01f7-a5e2-41ed-8b10-3d86441a9ae5,mZS061d20210406,\\allen\aind\stage\hopkins_data\ZS061\mZS061d20210406\neuralynx\session\raw_data.hdf5,ecephys/neuralynx/session/raw_data.hdf5
behavior_ZS061_2021-04-06_16-13-38,474f01f7-a5e2-41ed-8b10-3d86441a9ae5,mZS061d20210406,\\allen\aind\stage\hopkins_data\ZS061\mZS061d20210406\neuralynx\opto\20ms_1\raw_data.hdf5,ecephys/neuralynx/session/opto/20ms_1/raw_data.hdf5
behavior_ZS061_2021-04-06_16-13-38,474f01f7-a5e2-41ed-8b10-3d86441a9ae5,mZS061d20210406,\\allen\aind\stage\hopkins_data\ZS061\mZS061d20210406\neuralynx\opto\20ms_2\raw_data.hdf5,ecephys/neuralynx/session/opto/20ms_2/raw_data.hdf5
behavior_ZS061_2021-04-06_16-13-38,474f01f7-a5e2-41ed-8b10-3d86441a9ae5,mZS061d20210406,\\allen\aind\stage\hopkins_data\ZS061\mZS061d20210406\neuralynx\opto\20ms_3\raw_data.hdf5,ecephys/neuralynx/session/opto/20ms_3/raw_data.hdf5
behavior_ZS061_2021-04-07_16-47-22,a3cc4192-2fe9-4393-b4a8-f2c65a4a295f,mZS061d20210407,\\allen\aind\stage\hopkins_data\ZS061\mZS061d20210407\neuralynx\session\raw_data.hdf5,ecephys/neuralynx/session/raw_data.hdf5
behavior_ZS061_2021-04-07_16-47-22,a3cc4192-2fe9-4393-b4a8-f2c65a4a295f,mZS061d20210407,\\allen\aind\stage\hopkins_data\ZS061\mZS061d20210407\neuralynx\opto\20ms_1\raw_data.hdf5,ecephys/neuralynx/session/opto/20ms_1/raw_data.hdf5
behavior_ZS061_2021-04-07_16-47-22,a3cc4192-2fe9-4393-b4a8-f2c65a4a295f,mZS061d20210407,\\allen\aind\stage\hopkins_data\ZS061\mZS061d20210407\neuralynx\opto\20ms_2\raw_data.hdf5,ecephys/neuralynx/session/opto/20ms_2/raw_data.hdf5
behavior_ZS061_2021-04-07_16-47-22,a3cc4192-2fe9-4393-b4a8-f2c65a4a295f,mZS061d20210407,\\allen\aind\stage\hopkins_data\ZS061\mZS061d20210407\neuralynx\opto\20ms_3\raw_data.hdf5,ecephys/neuralynx/session/opto/20ms_3/raw_data.hdf5
behavior_ZS061_2021-04-08_18-01-30,6a4a5a2e-2e43-48c9-ad9f-285b2854d70a,mZS061d20210408,\\allen\aind\stage\hopkins_data\ZS061\mZS061d20210408\neuralynx\session\raw_data.hdf5,ecephys/neuralynx/session/raw_data.hdf5
behavior_ZS061_2021-04-08_18-01-30,6a4a5a2e-2e43-48c9-ad9f-285b2854d70a,mZS061d20210408,\\allen\aind\stage\hopkins_data\ZS061\mZS061d20210408\neuralynx\opto\20ms_1\raw_data.hdf5,ecephys/neuralynx/session/opto/20ms_1/raw_data.hdf5
behavior_ZS061_2021-04-08_18-01-30,6a4a5a2e-2e43-48c9-ad9f-285b2854d70a,mZS061d20210408,\\allen\aind\stage\hopkins_data\ZS061\mZS061d20210408\neuralynx\opto\20ms_2\raw_data.hdf5,ecephys/neuralynx/session/opto/20ms_2/raw_data.hdf5
behavior_ZS061_2021-04-09_18-19-29,ab75a485-9db0-45a8-88c0-afa01eaa8395,mZS061d20210409,\\allen\aind\stage\hopkins_data\ZS061\mZS061d20210409\neuralynx\session\raw_data.hdf5,ecephys/neuralynx/session/raw_data.hdf5
behavior_ZS061_2021-04-09_18-19-29,ab75a485-9db0-45a8-88c0-afa01eaa8395,mZS061d20210409,\\allen\aind\stage\hopkins_data\ZS061\mZS061d20210409\neuralynx\opto\20ms_1\raw_data.hdf5,ecephys/neuralynx/session/opto/20ms_1/raw_data.hdf5
behavior_ZS061_2021-04-09_18-19-29,ab75a485-9db0-45a8-88c0-afa01eaa8395,mZS061d20210409,\\allen\aind\stage\hopkins_data\ZS061\mZS061d20210409\neuralynx\opto\20ms_2\raw_data.hdf5,ecephys/neuralynx/session/opto/20ms_2/raw_data.hdf5
behavior_ZS061_2021-04-09_18-19-29,ab75a485-9db0-45a8-88c0-afa01eaa8395,mZS061d20210409,\\allen\aind\stage\hopkins_data\ZS061\mZS061d20210409\neuralynx\opto\20ms_3\raw_data.hdf5,ecephys/neuralynx/session/opto/20ms_3/raw_data.hdf5
behavior_ZS061_2021-04-10_18-01-14,971bf14f-4968-4d1f-bb8f-403dfcc8f783,mZS061d20210410,\\allen\aind\stage\hopkins_data\ZS061\mZS061d20210410\neuralynx\session\raw_data.hdf5,ecephys/neuralynx/session/raw_data.hdf5
behavior_ZS061_2021-04-10_18-01-14,971bf14f-4968-4d1f-bb8f-403dfcc8f783,mZS061d20210410,\\allen\aind\stage\hopkins_data\ZS061\mZS061d20210410\neuralynx\opto\200ms\raw_data.hdf5,ecephys/neuralynx/session/opto/200ms/raw_data.hdf5
behavior_ZS061_2021-04-10_18-01-14,971bf14f-4968-4d1f-bb8f-403dfcc8f783,mZS061d20210410,\\allen\aind\stage\hopkins_data\ZS061\mZS061d20210410\neuralynx\opto\20ms_1\raw_data.hdf5,ecephys/neuralynx/session/opto/20ms_1/raw_data.hdf5
behavior_ZS061_2021-04-10_18-01-14,971bf14f-4968-4d1f-bb8f-403dfcc8f783,mZS061d20210410,\\allen\aind\stage\hopkins_data\ZS061\mZS061d20210410\neuralynx\opto\20ms_2\raw_data.hdf5,ecephys/neuralynx/session/opto/20ms_2/raw_data.hdf5
behavior_ZS061_2021-04-10_18-01-14,971bf14f-4968-4d1f-bb8f-403dfcc8f783,mZS061d20210410,\\allen\aind\stage\hopkins_data\ZS061\mZS061d20210410\neuralynx\opto\20ms_3\raw_data.hdf5,ecephys/neuralynx/session/opto/20ms_3/raw_data.hdf5
behavior_ZS061_2021-04-10_18-01-14,971bf14f-4968-4d1f-bb8f-403dfcc8f783,mZS061d20210410,\\allen\aind\stage\hopkins_data\ZS061\mZS061d20210410\neuralynx\opto\20ms_4\raw_data.hdf5,ecephys/neuralynx/session/opto/20ms_4/raw_data.hdf5
behavior_ZS061_2021-04-11_17-44-56,83b5d0ac-2702-49d2-a014-5ce56a5055b0,mZS061d20210411,\\allen\aind\stage\hopkins_data\ZS061\mZS061d20210411\neuralynx\session\raw_data.hdf5,ecephys/neuralynx/session/raw_data.hdf5
behavior_ZS061_2021-04-11_17-44-56,83b5d0ac-2702-49d2-a014-5ce56a5055b0,mZS061d20210411,\\allen\aind\stage\hopkins_data\ZS061\mZS061d20210411\neuralynx\opto\20ms_1\raw_data.hdf5,ecephys/neuralynx/session/opto/20ms_1/raw_data.hdf5
behavior_ZS061_2021-04-11_17-44-56,83b5d0ac-2702-49d2-a014-5ce56a5055b0,mZS061d20210411,\\allen\aind\stage\hopkins_data\ZS061\mZS061d20210411\neuralynx\opto\20ms_2\raw_data.hdf5,ecephys/neuralynx/session/opto/20ms_2/raw_data.hdf5
behavior_ZS061_2021-04-11_17-44-56,83b5d0ac-2702-49d2-a014-5ce56a5055b0,mZS061d20210411,\\allen\aind\stage\hopkins_data\ZS061\mZS061d20210411\neuralynx\opto\20ms_3\raw_data.hdf5,ecephys/neuralynx/session/opto/20ms_3/raw_data.hdf5
behavior_ZS061_2021-04-12_17-26-54,162fa7a8-7471-4dea-b5f0-1c4fd8c58c2c,mZS061d20210412,\\allen\aind\stage\hopkins_data\ZS061\mZS061d20210412\neuralynx\session\raw_data.hdf5,ecephys/neuralynx/session/raw_data.hdf5
behavior_ZS061_2021-04-12_17-26-54,162fa7a8-7471-4dea-b5f0-1c4fd8c58c2c,mZS061d20210412,\\allen\aind\stage\hopkins_data\ZS061\mZS061d20210412\neuralynx\opto\20ms_1\raw_data.hdf5,ecephys/neuralynx/session/opto/20ms_1/raw_data.hdf5
behavior_ZS061_2021-04-12_17-26-54,162fa7a8-7471-4dea-b5f0-1c4fd8c58c2c,mZS061d20210412,\\allen\aind\stage\hopkins_data\ZS061\mZS061d20210412\neuralynx\opto\20ms_2\raw_data.hdf5,ecephys/neuralynx/session/opto/20ms_2/raw_data.hdf5
behavior_ZS061_2021-04-13_18-14-05,98443ff4-e024-4533-8cec-fe3a23a0b607,mZS061d20210413,\\allen\aind\stage\hopkins_data\ZS061\mZS061d20210413\neuralynx\session\raw_data.hdf5,ecephys/neuralynx/session/raw_data.hdf5
behavior_ZS061_2021-04-13_18-14-05,98443ff4-e024-4533-8cec-fe3a23a0b607,mZS061d20210413,\\allen\aind\stage\hopkins_data\ZS061\mZS061d20210413\neuralynx\opto\20ms_1\raw_data.hdf5,ecephys/neuralynx/session/opto/20ms_1/raw_data.hdf5
behavior_ZS061_2021-04-13_18-14-05,98443ff4-e024-4533-8cec-fe3a23a0b607,mZS061d20210413,\\allen\aind\stage\hopkins_data\ZS061\mZS061d20210413\neuralynx\opto\20ms_2\raw_data.hdf5,ecephys/neuralynx/session/opto/20ms_2/raw_data.hdf5
behavior_ZS061_2021-04-13_18-14-05,98443ff4-e024-4533-8cec-fe3a23a0b607,mZS061d20210413,\\allen\aind\stage\hopkins_data\ZS061\mZS061d20210413\neuralynx\opto\20ms_3\raw_data.hdf5,ecephys/neuralynx/session/opto/20ms_3/raw_data.hdf5
behavior_ZS061_2021-04-14_16-04-22,4b45e774-69a9-41ed-87f5-959375bd3875,mZS061d20210414,\\allen\aind\stage\hopkins_data\ZS061\mZS061d20210414\neuralynx\session\raw_data.hdf5,ecephys/neuralynx/session/raw_data.hdf5
behavior_ZS061_2021-04-14_16-04-22,4b45e774-69a9-41ed-87f5-959375bd3875,mZS061d20210414,\\allen\aind\stage\hopkins_data\ZS061\mZS061d20210414\neuralynx\opto\20ms_1\raw_data.hdf5,ecephys/neuralynx/session/opto/20ms_1/raw_data.hdf5
behavior_ZS061_2021-04-14_16-04-22,4b45e774-69a9-41ed-87f5-959375bd3875,mZS061d20210414,\\allen\aind\stage\hopkins_data\ZS061\mZS061d20210414\neuralynx\opto\20ms_2\raw_data.hdf5,ecephys/neuralynx/session/opto/20ms_2/raw_data.hdf5
behavior_ZS061_2021-04-15_16-45-44,a1e4f8ab-ecbf-479c-abdc-05649f441f42,mZS061d20210415,\\allen\aind\stage\hopkins_data\ZS061\mZS061d20210415\neuralynx\session\raw_data.hdf5,ecephys/neuralynx/session/raw_data.hdf5
behavior_ZS061_2021-04-15_16-45-44,a1e4f8ab-ecbf-479c-abdc-05649f441f42,mZS061d20210415,\\allen\aind\stage\hopkins_data\ZS061\mZS061d20210415\neuralynx\opto\20ms_1\raw_data.hdf5,ecephys/neuralynx/session/opto/20ms_1/raw_data.hdf5
behavior_ZS061_2021-04-15_16-45-44,a1e4f8ab-ecbf-479c-abdc-05649f441f42,mZS061d20210415,\\allen\aind\stage\hopkins_data\ZS061\mZS061d20210415\neuralynx\opto\20ms_2\raw_data.hdf5,ecephys/neuralynx/session/opto/20ms_2/raw_data.hdf5
behavior_ZS061_2021-04-16_17-08-59,6225b231-23e4-49ff-8d0c-94a79c2e043f,mZS061d20210416,\\allen\aind\stage\hopkins_data\ZS061\mZS061d20210416\neuralynx\session\raw_data.hdf5,ecephys/neuralynx/session/raw_data.hdf5
behavior_ZS061_2021-04-16_17-08-59,6225b231-23e4-49ff-8d0c-94a79c2e043f,mZS061d20210416,\\allen\aind\stage\hopkins_data\ZS061\mZS061d20210416\neuralynx\opto\10ms\raw_data.hdf5,ecephys/neuralynx/session/opto/10ms/raw_data.hdf5
behavior_ZS061_2021-04-16_17-08-59,6225b231-23e4-49ff-8d0c-94a79c2e043f,mZS061d20210416,\\allen\aind\stage\hopkins_data\ZS061\mZS061d20210416\neuralynx\opto\20ms_1\raw_data.hdf5,ecephys/neuralynx/session/opto/20ms_1/raw_data.hdf5
behavior_ZS061_2021-04-17_16-50-25,4e0fbf95-0129-42b1-b977-4273468a89c5,mZS061d20210417,\\allen\aind\stage\hopkins_data\ZS061\mZS061d20210417\neuralynx\session\raw_data.hdf5,ecephys/neuralynx/session/raw_data.hdf5
behavior_ZS061_2021-04-17_16-50-25,4e0fbf95-0129-42b1-b977-4273468a89c5,mZS061d20210417,\\allen\aind\stage\hopkins_data\ZS061\mZS061d20210417\neuralynx\opto\10ms\raw_data.hdf5,ecephys/neuralynx/session/opto/10ms/raw_data.hdf5
behavior_ZS061_2021-04-17_16-50-25,4e0fbf95-0129-42b1-b977-4273468a89c5,mZS061d20210417,\\allen\aind\stage\hopkins_data\ZS061\mZS061d20210417\neuralynx\opto\20ms_1\raw_data.hdf5,ecephys/neuralynx/session/opto/20ms_1/raw_data.hdf5
behavior_ZS061_2021-04-18_18-32-58,9960848b-a798-4543-9492-2379360aecbb,mZS061d20210418,\\allen\aind\stage\hopkins_data\ZS061\mZS061d20210418\neuralynx\session\raw_data.hdf5,ecephys/neuralynx/session/raw_data.hdf5
behavior_ZS061_2021-04-18_18-32-58,9960848b-a798-4543-9492-2379360aecbb,mZS061d20210418,\\allen\aind\stage\hopkins_data\ZS061\mZS061d20210418\neuralynx\opto\10ms\raw_data.hdf5,ecephys/neuralynx/session/opto/10ms/raw_data.hdf5
behavior_ZS061_2021-04-18_18-32-58,9960848b-a798-4543-9492-2379360aecbb,mZS061d20210418,\\allen\aind\stage\hopkins_data\ZS061\mZS061d20210418\neuralynx\opto\20ms_1\raw_data.hdf5,ecephys/neuralynx/session/opto/20ms_1/raw_data.hdf5
behavior_ZS061_2021-04-19_18-31-40,f0d2aadf-454e-4dcd-9cbf-bacb5ff25e62,mZS061d20210419,\\allen\aind\stage\hopkins_data\ZS061\mZS061d20210419\neuralynx\session\raw_data.hdf5,ecephys/neuralynx/session/raw_data.hdf5
behavior_ZS061_2021-04-19_18-31-40,f0d2aadf-454e-4dcd-9cbf-bacb5ff25e62,mZS061d20210419,\\allen\aind\stage\hopkins_data\ZS061\mZS061d20210419\neuralynx\opto\10ms\raw_data.hdf5,ecephys/neuralynx/session/opto/10ms/raw_data.hdf5
behavior_ZS061_2021-04-19_18-31-40,f0d2aadf-454e-4dcd-9cbf-bacb5ff25e62,mZS061d20210419,\\allen\aind\stage\hopkins_data\ZS061\mZS061d20210419\neuralynx\opto\20ms_1\raw_data.hdf5,ecephys/neuralynx/session/opto/20ms_1/raw_data.hdf5
behavior_ZS061_2021-04-20_15-49-57,76290f71-2d05-43fd-9359-7b5e27d9b976,mZS061d20210420,\\allen\aind\stage\hopkins_data\ZS061\mZS061d20210420\neuralynx\session\raw_data.hdf5,ecephys/neuralynx/session/raw_data.hdf5
behavior_ZS061_2021-04-20_15-49-57,76290f71-2d05-43fd-9359-7b5e27d9b976,mZS061d20210420,\\allen\aind\stage\hopkins_data\ZS061\mZS061d20210420\neuralynx\opto\10ms\raw_data.hdf5,ecephys/neuralynx/session/opto/10ms/raw_data.hdf5
behavior_ZS061_2021-04-21_17-03-09,bd6279aa-38a0-4773-8404-0e0ced06375b,mZS061d20210421,\\allen\aind\stage\hopkins_data\ZS061\mZS061d20210421\neuralynx\session\raw_data.hdf5,ecephys/neuralynx/session/raw_data.hdf5
behavior_ZS061_2021-04-21_17-03-09,bd6279aa-38a0-4773-8404-0e0ced06375b,mZS061d20210421,\\allen\aind\stage\hopkins_data\ZS061\mZS061d20210421\neuralynx\opto\10ms\raw_data.hdf5,ecephys/neuralynx/session/opto/10ms/raw_data.hdf5
behavior_ZS061_2021-04-22_16-25-00,cb9d126f-57f3-43b5-b7fc-2156b4877e8f,mZS061d20210422,\\allen\aind\stage\hopkins_data\ZS061\mZS061d20210422\neuralynx\opto\10ms\raw_data.hdf5,ecephys/neuralynx/session/opto/10ms/raw_data.hdf5
behavior_ZS061_2021-04-22_16-25-00,cb9d126f-57f3-43b5-b7fc-2156b4877e8f,mZS061d20210422,\\allen\aind\stage\hopkins_data\ZS061\mZS061d20210422\neuralynx\opto\10ms_2\raw_data.hdf5,ecephys/neuralynx/session/opto/10ms_2/raw_data.hdf5
behavior_ZS061_2021-04-23_16-13-13,0a82d72f-595e-4225-ab12-da7d144c646f,mZS061d20210423,\\allen\aind\stage\hopkins_data\ZS061\mZS061d20210423\neuralynx\session\raw_data.hdf5,ecephys/neuralynx/session/raw_data.hdf5
behavior_ZS061_2021-04-23_16-13-13,0a82d72f-595e-4225-ab12-da7d144c646f,mZS061d20210423,\\allen\aind\stage\hopkins_data\ZS061\mZS061d20210423\neuralynx\opto\10ms\raw_data.hdf5,ecephys/neuralynx/session/opto/10ms/raw_data.hdf5
behavior_ZS061_2021-04-23_16-13-13,0a82d72f-595e-4225-ab12-da7d144c646f,mZS061d20210423,\\allen\aind\stage\hopkins_data\ZS061\mZS061d20210423\neuralynx\opto\20ms\raw_data.hdf5,ecephys/neuralynx/session/opto/20ms/raw_data.hdf5
behavior_ZS061_2021-04-23_16-13-13,0a82d72f-595e-4225-ab12-da7d144c646f,mZS061d20210423,\\allen\aind\stage\hopkins_data\ZS061\mZS061d20210423\neuralynx\opto\20ms_1\raw_data.hdf5,ecephys/neuralynx/session/opto/20ms_1/raw_data.hdf5
behavior_ZS061_2021-04-24_16-48-52,479c062c-4e24-45c5-baac-a98221440580,mZS061d20210424,\\allen\aind\stage\hopkins_data\ZS061\mZS061d20210424\neuralynx\session\raw_data.hdf5,ecephys/neuralynx/session/raw_data.hdf5
behavior_ZS061_2021-04-24_16-48-52,479c062c-4e24-45c5-baac-a98221440580,mZS061d20210424,\\allen\aind\stage\hopkins_data\ZS061\mZS061d20210424\neuralynx\opto\10ms\raw_data.hdf5,ecephys/neuralynx/session/opto/10ms/raw_data.hdf5
behavior_ZS061_2021-04-24_16-48-52,479c062c-4e24-45c5-baac-a98221440580,mZS061d20210424,\\allen\aind\stage\hopkins_data\ZS061\mZS061d20210424\neuralynx\opto\20ms\raw_data.hdf5,ecephys/neuralynx/session/opto/20ms/raw_data.hdf5
behavior_ZS061_2021-04-25_17-45-36,314f1301-57d3-4f4c-8b44-5ecc516ff9bc,mZS061d20210425,\\allen\aind\stage\hopkins_data\ZS061\mZS061d20210425\neuralynx\session\raw_data.hdf5,ecephys/neuralynx/session/raw_data.hdf5
behavior_ZS061_2021-04-25_17-45-36,314f1301-57d3-4f4c-8b44-5ecc516ff9bc,mZS061d20210425,\\allen\aind\stage\hopkins_data\ZS061\mZS061d20210425\neuralynx\opto\10ms\raw_data.hdf5,ecephys/neuralynx/session/opto/10ms/raw_data.hdf5
behavior_ZS061_2021-04-25_17-45-36,314f1301-57d3-4f4c-8b44-5ecc516ff9bc,mZS061d20210425,\\allen\aind\stage\hopkins_data\ZS061\mZS061d20210425\neuralynx\opto\20ms\raw_data.hdf5,ecephys/neuralynx/session/opto/20ms/raw_data.hdf5
behavior_ZS061_2021-04-26_18-08-01,3fde318b-be51-451f-b866-2f2bfb558b71,mZS061d20210426,\\allen\aind\stage\hopkins_data\ZS061\mZS061d20210426\neuralynx\session\raw_data.hdf5,ecephys/neuralynx/session/raw_data.hdf5
behavior_ZS061_2021-04-26_18-08-01,3fde318b-be51-451f-b866-2f2bfb558b71,mZS061d20210426,\\allen\aind\stage\hopkins_data\ZS061\mZS061d20210426\neuralynx\opto\10ms\raw_data.hdf5,ecephys/neuralynx/session/opto/10ms/raw_data.hdf5
behavior_ZS061_2021-04-26_18-08-01,3fde318b-be51-451f-b866-2f2bfb558b71,mZS061d20210426,\\allen\aind\stage\hopkins_data\ZS061\mZS061d20210426\neuralynx\opto\20ms\raw_data.hdf5,ecephys/neuralynx/session/opto/20ms/raw_data.hdf5
behavior_ZS061_2021-04-27_18-19-52,d379100b-eb0e-4021-adb8-b981f14f43c0,mZS061d20210427,\\allen\aind\stage\hopkins_data\ZS061\mZS061d20210427\neuralynx\session\raw_data.hdf5,ecephys/neuralynx/session/raw_data.hdf5
behavior_ZS061_2021-04-27_18-19-52,d379100b-eb0e-4021-adb8-b981f14f43c0,mZS061d20210427,\\allen\aind\stage\hopkins_data\ZS061\mZS061d20210427\neuralynx\opto\10ms\raw_data.hdf5,ecephys/neuralynx/session/opto/10ms/raw_data.hdf5
behavior_ZS061_2021-04-28_16-35-50,5dbd27e6-e2f9-44a4-8d9d-45f5ee1ec2a8,mZS061d20210428,\\allen\aind\stage\hopkins_data\ZS061\mZS061d20210428\neuralynx\session\raw_data.hdf5,ecephys/neuralynx/session/raw_data.hdf5
behavior_ZS061_2021-04-28_16-35-50,5dbd27e6-e2f9-44a4-8d9d-45f5ee1ec2a8,mZS061d20210428,\\allen\aind\stage\hopkins_data\ZS061\mZS061d20210428\neuralynx\opto\10ms\raw_data.hdf5,ecephys/neuralynx/session/opto/10ms/raw_data.hdf5
behavior_ZS061_2021-04-28_16-35-50,5dbd27e6-e2f9-44a4-8d9d-45f5ee1ec2a8,mZS061d20210428,\\allen\aind\stage\hopkins_data\ZS061\mZS061d20210428\neuralynx\opto\20ms\raw_data.hdf5,ecephys/neuralynx/session/opto/20ms/raw_data.hdf5
behavior_ZS061_2021-04-29_16-18-51,a5694d23-8e9f-42f3-aa4c-e0b831c0f836,mZS061d20210429,\\allen\aind\stage\hopkins_data\ZS061\mZS061d20210429\neuralynx\session\raw_data.hdf5,ecephys/neuralynx/session/raw_data.hdf5
behavior_ZS061_2021-04-29_16-18-51,a5694d23-8e9f-42f3-aa4c-e0b831c0f836,mZS061d20210429,\\allen\aind\stage\hopkins_data\ZS061\mZS061d20210429\neuralynx\opto\20ms\raw_data.hdf5,ecephys/neuralynx/session/opto/20ms/raw_data.hdf5
behavior_ZS061_2021-04-29_16-18-51,a5694d23-8e9f-42f3-aa4c-e0b831c0f836,mZS061d20210429,\\allen\aind\stage\hopkins_data\ZS061\mZS061d20210429\neuralynx\opto\20ms_2\raw_data.hdf5,ecephys/neuralynx/session/opto/20ms_2/raw_data.hdf5
behavior_ZS061_2021-04-30_17-06-18,2f6d1bb1-4af3-4934-8e33-b6d295810f78,mZS061d20210430,\\allen\aind\stage\hopkins_data\ZS061\mZS061d20210430\neuralynx\session\raw_data.hdf5,ecephys/neuralynx/session/raw_data.hdf5
behavior_ZS061_2021-04-30_17-06-18,2f6d1bb1-4af3-4934-8e33-b6d295810f78,mZS061d20210430,\\allen\aind\stage\hopkins_data\ZS061\mZS061d20210430\neuralynx\opto\10ms\raw_data.hdf5,ecephys/neuralynx/session/opto/10ms/raw_data.hdf5
behavior_ZS061_2021-04-30_17-06-18,2f6d1bb1-4af3-4934-8e33-b6d295810f78,mZS061d20210430,\\allen\aind\stage\hopkins_data\ZS061\mZS061d20210430\neuralynx\opto\20ms\raw_data.hdf5,ecephys/neuralynx/session/opto/20ms/raw_data.hdf5
behavior_ZS061_2021-05-01_18-28-14,5d4bb99f-f63c-441b-9bbd-e35fe9002909,mZS061d20210501,\\allen\aind\stage\hopkins_data\ZS061\mZS061d20210501\neuralynx\session\raw_data.hdf5,ecephys/neuralynx/session/raw_data.hdf5
behavior_ZS061_2021-05-01_18-28-14,5d4bb99f-f63c-441b-9bbd-e35fe9002909,mZS061d20210501,\\allen\aind\stage\hopkins_data\ZS061\mZS061d20210501\neuralynx\opto\10ms\raw_data.hdf5,ecephys/neuralynx/session/opto/10ms/raw_data.hdf5
behavior_ZS061_2021-05-01_18-28-14,5d4bb99f-f63c-441b-9bbd-e35fe9002909,mZS061d20210501,\\allen\aind\stage\hopkins_data\ZS061\mZS061d20210501\neuralynx\opto\20ms\raw_data.hdf5,ecephys/neuralynx/session/opto/20ms/raw_data.hdf5
behavior_ZS062_2021-03-24_18-52-34,92e8ad21-1b93-490f-8d58-215af72f9893,mZS062d20210324,\\allen\aind\stage\hopkins_data\ZS062\mZS062d20210324\neuralynx\session\raw_data.hdf5,ecephys/neuralynx/session/raw_data.hdf5
behavior_ZS062_2021-03-24_18-52-34,92e8ad21-1b93-490f-8d58-215af72f9893,mZS062d20210324,\\allen\aind\stage\hopkins_data\ZS062\mZS062d20210324\neuralynx\opto\10ms_1\raw_data.hdf5,ecephys/neuralynx/session/opto/10ms_1/raw_data.hdf5
behavior_ZS062_2021-03-24_18-52-34,92e8ad21-1b93-490f-8d58-215af72f9893,mZS062d20210324,\\allen\aind\stage\hopkins_data\ZS062\mZS062d20210324\neuralynx\opto\10ms_2\raw_data.hdf5,ecephys/neuralynx/session/opto/10ms_2/raw_data.hdf5
behavior_ZS062_2021-03-24_18-52-34,92e8ad21-1b93-490f-8d58-215af72f9893,mZS062d20210324,\\allen\aind\stage\hopkins_data\ZS062\mZS062d20210324\neuralynx\opto\200ms\raw_data.hdf5,ecephys/neuralynx/session/opto/200ms/raw_data.hdf5
behavior_ZS062_2021-03-25_18-44-20,a2933605-ba7e-44b1-b9c9-8fe82a89cf58,mZS062d20210325,\\allen\aind\stage\hopkins_data\ZS062\mZS062d20210325\neuralynx\session\raw_data.hdf5,ecephys/neuralynx/session/raw_data.hdf5
behavior_ZS062_2021-03-25_18-44-20,a2933605-ba7e-44b1-b9c9-8fe82a89cf58,mZS062d20210325,\\allen\aind\stage\hopkins_data\ZS062\mZS062d20210325\neuralynx\opto\10ms\raw_data.hdf5,ecephys/neuralynx/session/opto/10ms/raw_data.hdf5
behavior_ZS062_2021-03-25_18-44-20,a2933605-ba7e-44b1-b9c9-8fe82a89cf58,mZS062d20210325,\\allen\aind\stage\hopkins_data\ZS062\mZS062d20210325\neuralynx\opto\20ms\raw_data.hdf5,ecephys/neuralynx/session/opto/20ms/raw_data.hdf5
behavior_ZS062_2021-03-26_18-45-54,3eb635de-dfa7-43c0-bddd-2fcbfe3cd96f,mZS062d20210326,\\allen\aind\stage\hopkins_data\ZS062\mZS062d20210326\neuralynx\session\raw_data.hdf5,ecephys/neuralynx/session/raw_data.hdf5
behavior_ZS062_2021-03-26_18-45-54,3eb635de-dfa7-43c0-bddd-2fcbfe3cd96f,mZS062d20210326,\\allen\aind\stage\hopkins_data\ZS062\mZS062d20210326\neuralynx\opto\10ms\raw_data.hdf5,ecephys/neuralynx/session/opto/10ms/raw_data.hdf5
behavior_ZS062_2021-03-26_18-45-54,3eb635de-dfa7-43c0-bddd-2fcbfe3cd96f,mZS062d20210326,\\allen\aind\stage\hopkins_data\ZS062\mZS062d20210326\neuralynx\opto\200ms\raw_data.hdf5,ecephys/neuralynx/session/opto/200ms/raw_data.hdf5
behavior_ZS062_2021-03-26_18-45-54,3eb635de-dfa7-43c0-bddd-2fcbfe3cd96f,mZS062d20210326,\\allen\aind\stage\hopkins_data\ZS062\mZS062d20210326\neuralynx\opto\20ms\raw_data.hdf5,ecephys/neuralynx/session/opto/20ms/raw_data.hdf5
behavior_ZS062_2021-03-27_19-15-29,8b6c5583-5a2e-48f2-ba48-168045589ece,mZS062d20210327,\\allen\aind\stage\hopkins_data\ZS062\mZS062d20210327\neuralynx\session\raw_data.hdf5,ecephys/neuralynx/session/raw_data.hdf5
behavior_ZS062_2021-03-27_19-15-29,8b6c5583-5a2e-48f2-ba48-168045589ece,mZS062d20210327,\\allen\aind\stage\hopkins_data\ZS062\mZS062d20210327\neuralynx\opto\200ms\raw_data.hdf5,ecephys/neuralynx/session/opto/200ms/raw_data.hdf5
behavior_ZS062_2021-03-27_19-15-29,8b6c5583-5a2e-48f2-ba48-168045589ece,mZS062d20210327,\\allen\aind\stage\hopkins_data\ZS062\mZS062d20210327\neuralynx\opto\20ms\raw_data.hdf5,ecephys/neuralynx/session/opto/20ms/raw_data.hdf5
behavior_ZS062_2021-03-28_17-40-42,8cfe89a2-6c39-4760-ac3f-b03df68b2cc7,mZS062d20210328,\\allen\aind\stage\hopkins_data\ZS062\mZS062d20210328\neuralynx\session\raw_data.hdf5,ecephys/neuralynx/session/raw_data.hdf5
behavior_ZS062_2021-03-28_17-40-42,8cfe89a2-6c39-4760-ac3f-b03df68b2cc7,mZS062d20210328,\\allen\aind\stage\hopkins_data\ZS062\mZS062d20210328\neuralynx\opto\200ms\raw_data.hdf5,ecephys/neuralynx/session/opto/200ms/raw_data.hdf5
behavior_ZS062_2021-03-28_17-40-42,8cfe89a2-6c39-4760-ac3f-b03df68b2cc7,mZS062d20210328,\\allen\aind\stage\hopkins_data\ZS062\mZS062d20210328\neuralynx\opto\20ms\raw_data.hdf5,ecephys/neuralynx/session/opto/20ms/raw_data.hdf5
behavior_ZS062_2021-03-29_18-50-00,2c79f560-10b9-4b5d-966f-e964124145be,mZS062d20210329,\\allen\aind\stage\hopkins_data\ZS062\mZS062d20210329\neuralynx\opto\20ms\raw_data.hdf5,ecephys/neuralynx/session/opto/20ms/raw_data.hdf5
behavior_ZS062_2021-03-30_18-30-24,cb6b4df0-a9c9-40ac-99cc-5ea4c012d694,mZS062d20210330,\\allen\aind\stage\hopkins_data\ZS062\mZS062d20210330\neuralynx\opto\200ms\raw_data.hdf5,ecephys/neuralynx/session/opto/200ms/raw_data.hdf5
behavior_ZS062_2021-03-30_18-30-24,cb6b4df0-a9c9-40ac-99cc-5ea4c012d694,mZS062d20210330,\\allen\aind\stage\hopkins_data\ZS062\mZS062d20210330\neuralynx\opto\20ms\raw_data.hdf5,ecephys/neuralynx/session/opto/20ms/raw_data.hdf5
behavior_ZS062_2021-03-31_18-40-52,24ab2312-4f19-4a82-8d27-5b947b4d0b9e,mZS062d20210331,\\allen\aind\stage\hopkins_data\ZS062\mZS062d20210331\neuralynx\session\raw_data.hdf5,ecephys/neuralynx/session/raw_data.hdf5
behavior_ZS062_2021-03-31_18-40-52,24ab2312-4f19-4a82-8d27-5b947b4d0b9e,mZS062d20210331,\\allen\aind\stage\hopkins_data\ZS062\mZS062d20210331\neuralynx\opto\200ms\raw_data.hdf5,ecephys/neuralynx/session/opto/200ms/raw_data.hdf5
behavior_ZS062_2021-04-01_17-49-36,04fcee09-645c-452b-8bfe-ad6ad7df5fd6,mZS062d20210401,\\allen\aind\stage\hopkins_data\ZS062\mZS062d20210401\neuralynx\session\raw_data.hdf5,ecephys/neuralynx/session/raw_data.hdf5
behavior_ZS062_2021-04-01_17-49-36,04fcee09-645c-452b-8bfe-ad6ad7df5fd6,mZS062d20210401,\\allen\aind\stage\hopkins_data\ZS062\mZS062d20210401\neuralynx\opto\200ms\raw_data.hdf5,ecephys/neuralynx/session/opto/200ms/raw_data.hdf5
behavior_ZS062_2021-04-01_17-49-36,04fcee09-645c-452b-8bfe-ad6ad7df5fd6,mZS062d20210401,\\allen\aind\stage\hopkins_data\ZS062\mZS062d20210401\neuralynx\opto\20ms\raw_data.hdf5,ecephys/neuralynx/session/opto/20ms/raw_data.hdf5
behavior_ZS062_2021-04-01_17-49-36,04fcee09-645c-452b-8bfe-ad6ad7df5fd6,mZS062d20210401,\\allen\aind\stage\hopkins_data\ZS062\mZS062d20210401\neuralynx\opto\20ms_2\raw_data.hdf5,ecephys/neuralynx/session/opto/20ms_2/raw_data.hdf5
behavior_ZS062_2021-04-02_19-08-52,5ad6a2fe-c1f0-4fc2-af43-e3d8a7cc0826,mZS062d20210402,\\allen\aind\stage\hopkins_data\ZS062\mZS062d20210402\neuralynx\session\raw_data.hdf5,ecephys/neuralynx/session/raw_data.hdf5
behavior_ZS062_2021-04-02_19-08-52,5ad6a2fe-c1f0-4fc2-af43-e3d8a7cc0826,mZS062d20210402,\\allen\aind\stage\hopkins_data\ZS062\mZS062d20210402\neuralynx\opto\200ms\raw_data.hdf5,ecephys/neuralynx/session/opto/200ms/raw_data.hdf5
behavior_ZS062_2021-04-02_19-08-52,5ad6a2fe-c1f0-4fc2-af43-e3d8a7cc0826,mZS062d20210402,\\allen\aind\stage\hopkins_data\ZS062\mZS062d20210402\neuralynx\opto\20ms\raw_data.hdf5,ecephys/neuralynx/session/opto/20ms/raw_data.hdf5
behavior_ZS062_2021-04-02_19-08-52,5ad6a2fe-c1f0-4fc2-af43-e3d8a7cc0826,mZS062d20210402,\\allen\aind\stage\hopkins_data\ZS062\mZS062d20210402\neuralynx\opto\20ms_1\raw_data.hdf5,ecephys/neuralynx/session/opto/20ms_1/raw_data.hdf5
behavior_ZS062_2021-04-03_20-26-34,f0f0961a-0102-46dc-98d8-9f8f119a4f32,mZS062d20210403,\\allen\aind\stage\hopkins_data\ZS062\mZS062d20210403\neuralynx\session\raw_data.hdf5,ecephys/neuralynx/session/raw_data.hdf5
behavior_ZS062_2021-04-03_20-26-34,f0f0961a-0102-46dc-98d8-9f8f119a4f32,mZS062d20210403,\\allen\aind\stage\hopkins_data\ZS062\mZS062d20210403\neuralynx\opto\200ms\raw_data.hdf5,ecephys/neuralynx/session/opto/200ms/raw_data.hdf5
behavior_ZS062_2021-04-03_20-26-34,f0f0961a-0102-46dc-98d8-9f8f119a4f32,mZS062d20210403,\\allen\aind\stage\hopkins_data\ZS062\mZS062d20210403\neuralynx\opto\20ms\raw_data.hdf5,ecephys/neuralynx/session/opto/20ms/raw_data.hdf5
behavior_ZS062_2021-04-04_18-59-47,de4beb37-4182-43c9-9b67-ad0e3bc87e72,mZS062d20210404,\\allen\aind\stage\hopkins_data\ZS062\mZS062d20210404\neuralynx\session\raw_data.hdf5,ecephys/neuralynx/session/raw_data.hdf5
behavior_ZS062_2021-04-04_18-59-47,de4beb37-4182-43c9-9b67-ad0e3bc87e72,mZS062d20210404,\\allen\aind\stage\hopkins_data\ZS062\mZS062d20210404\neuralynx\opto\200ms\raw_data.hdf5,ecephys/neuralynx/session/opto/200ms/raw_data.hdf5
behavior_ZS062_2021-04-04_18-59-47,de4beb37-4182-43c9-9b67-ad0e3bc87e72,mZS062d20210404,\\allen\aind\stage\hopkins_data\ZS062\mZS062d20210404\neuralynx\opto\20ms\raw_data.hdf5,ecephys/neuralynx/session/opto/20ms/raw_data.hdf5
behavior_ZS062_2021-04-05_19-25-39,fc5217e6-7590-4173-9f9a-071b4657d01f,mZS062d20210405,\\allen\aind\stage\hopkins_data\ZS062\mZS062d20210405\neuralynx\session\raw_data.hdf5,ecephys/neuralynx/session/raw_data.hdf5
behavior_ZS062_2021-04-05_19-25-39,fc5217e6-7590-4173-9f9a-071b4657d01f,mZS062d20210405,\\allen\aind\stage\hopkins_data\ZS062\mZS062d20210405\neuralynx\opto\200ms\raw_data.hdf5,ecephys/neuralynx/session/opto/200ms/raw_data.hdf5
behavior_ZS062_2021-04-05_19-25-39,fc5217e6-7590-4173-9f9a-071b4657d01f,mZS062d20210405,\\allen\aind\stage\hopkins_data\ZS062\mZS062d20210405\neuralynx\opto\20ms\raw_data.hdf5,ecephys/neuralynx/session/opto/20ms/raw_data.hdf5
behavior_ZS062_2021-04-06_18-46-42,782d7a43-f76d-494c-a8dd-3398223cda6c,mZS062d20210406,\\allen\aind\stage\hopkins_data\ZS062\mZS062d20210406\neuralynx\session\raw_data.hdf5,ecephys/neuralynx/session/raw_data.hdf5
behavior_ZS062_2021-04-06_18-46-42,782d7a43-f76d-494c-a8dd-3398223cda6c,mZS062d20210406,\\allen\aind\stage\hopkins_data\ZS062\mZS062d20210406\neuralynx\opto\20ms_1\raw_data.hdf5,ecephys/neuralynx/session/opto/20ms_1/raw_data.hdf5
behavior_ZS062_2021-04-06_18-46-42,782d7a43-f76d-494c-a8dd-3398223cda6c,mZS062d20210406,\\allen\aind\stage\hopkins_data\ZS062\mZS062d20210406\neuralynx\opto\20ms_2\raw_data.hdf5,ecephys/neuralynx/session/opto/20ms_2/raw_data.hdf5
behavior_ZS062_2021-04-07_17-58-07,92374083-4922-46ae-bde3-74f0c09316e4,mZS062d20210407,\\allen\aind\stage\hopkins_data\ZS062\mZS062d20210407\neuralynx\session\raw_data.hdf5,ecephys/neuralynx/session/raw_data.hdf5
behavior_ZS062_2021-04-07_17-58-07,92374083-4922-46ae-bde3-74f0c09316e4,mZS062d20210407,\\allen\aind\stage\hopkins_data\ZS062\mZS062d20210407\neuralynx\opto\20ms_1\raw_data.hdf5,ecephys/neuralynx/session/opto/20ms_1/raw_data.hdf5
behavior_ZS062_2021-04-07_17-58-07,92374083-4922-46ae-bde3-74f0c09316e4,mZS062d20210407,\\allen\aind\stage\hopkins_data\ZS062\mZS062d20210407\neuralynx\opto\20ms_2\raw_data.hdf5,ecephys/neuralynx/session/opto/20ms_2/raw_data.hdf5
behavior_ZS062_2021-04-08_19-07-10,da580983-30d0-4b39-9c35-2164d9666d5e,mZS062d20210408,\\allen\aind\stage\hopkins_data\ZS062\mZS062d20210408\neuralynx\session\raw_data.hdf5,ecephys/neuralynx/session/raw_data.hdf5
behavior_ZS062_2021-04-08_19-07-10,da580983-30d0-4b39-9c35-2164d9666d5e,mZS062d20210408,\\allen\aind\stage\hopkins_data\ZS062\mZS062d20210408\neuralynx\opto\20ms_1\raw_data.hdf5,ecephys/neuralynx/session/opto/20ms_1/raw_data.hdf5
behavior_ZS062_2021-04-08_19-07-10,da580983-30d0-4b39-9c35-2164d9666d5e,mZS062d20210408,\\allen\aind\stage\hopkins_data\ZS062\mZS062d20210408\neuralynx\opto\20ms_2\raw_data.hdf5,ecephys/neuralynx/session/opto/20ms_2/raw_data.hdf5
behavior_ZS062_2021-04-09_19-27-26,1c9ee556-c97a-4e37-b663-125f3cc38e59,mZS062d20210409,\\allen\aind\stage\hopkins_data\ZS062\mZS062d20210409\neuralynx\session\raw_data.hdf5,ecephys/neuralynx/session/raw_data.hdf5
behavior_ZS062_2021-04-09_19-27-26,1c9ee556-c97a-4e37-b663-125f3cc38e59,mZS062d20210409,\\allen\aind\stage\hopkins_data\ZS062\mZS062d20210409\neuralynx\opto\20ms_1\raw_data.hdf5,ecephys/neuralynx/session/opto/20ms_1/raw_data.hdf5
behavior_ZS062_2021-04-09_19-27-26,1c9ee556-c97a-4e37-b663-125f3cc38e59,mZS062d20210409,\\allen\aind\stage\hopkins_data\ZS062\mZS062d20210409\neuralynx\opto\20ms_2\raw_data.hdf5,ecephys/neuralynx/session/opto/20ms_2/raw_data.hdf5
behavior_ZS062_2021-04-09_19-27-26,1c9ee556-c97a-4e37-b663-125f3cc38e59,mZS062d20210409,\\allen\aind\stage\hopkins_data\ZS062\mZS062d20210409\neuralynx\opto\20ms_3\raw_data.hdf5,ecephys/neuralynx/session/opto/20ms_3/raw_data.hdf5
behavior_ZS062_2021-04-10_19-16-30,1cfabf5f-2479-4f8d-90f3-2fbcc95f007a,mZS062d20210410,\\allen\aind\stage\hopkins_data\ZS062\mZS062d20210410\neuralynx\session\raw_data.hdf5,ecephys/neuralynx/session/raw_data.hdf5
behavior_ZS062_2021-04-10_19-16-30,1cfabf5f-2479-4f8d-90f3-2fbcc95f007a,mZS062d20210410,\\allen\aind\stage\hopkins_data\ZS062\mZS062d20210410\neuralynx\opto\20ms_1\raw_data.hdf5,ecephys/neuralynx/session/opto/20ms_1/raw_data.hdf5
behavior_ZS062_2021-04-10_19-16-30,1cfabf5f-2479-4f8d-90f3-2fbcc95f007a,mZS062d20210410,\\allen\aind\stage\hopkins_data\ZS062\mZS062d20210410\neuralynx\opto\20ms_2\raw_data.hdf5,ecephys/neuralynx/session/opto/20ms_2/raw_data.hdf5
behavior_ZS062_2021-04-11_18-58-53,0ae3c89f-1392-4ae7-aff9-1201e976e532,mZS062d20210411,\\allen\aind\stage\hopkins_data\ZS062\mZS062d20210411\neuralynx\session\raw_data.hdf5,ecephys/neuralynx/session/raw_data.hdf5
behavior_ZS062_2021-04-11_18-58-53,0ae3c89f-1392-4ae7-aff9-1201e976e532,mZS062d20210411,\\allen\aind\stage\hopkins_data\ZS062\mZS062d20210411\neuralynx\opto\20ms_1\raw_data.hdf5,ecephys/neuralynx/session/opto/20ms_1/raw_data.hdf5
behavior_ZS062_2021-04-11_18-58-53,0ae3c89f-1392-4ae7-aff9-1201e976e532,mZS062d20210411,\\allen\aind\stage\hopkins_data\ZS062\mZS062d20210411\neuralynx\opto\20ms_2\raw_data.hdf5,ecephys/neuralynx/session/opto/20ms_2/raw_data.hdf5
behavior_ZS062_2021-04-12_18-46-29,a19639ac-6de1-4270-aa14-ac2604066bca,mZS062d20210412,\\allen\aind\stage\hopkins_data\ZS062\mZS062d20210412\neuralynx\session\raw_data.hdf5,ecephys/neuralynx/session/raw_data.hdf5
behavior_ZS062_2021-04-12_18-46-29,a19639ac-6de1-4270-aa14-ac2604066bca,mZS062d20210412,\\allen\aind\stage\hopkins_data\ZS062\mZS062d20210412\neuralynx\opto\200ms\raw_data.hdf5,ecephys/neuralynx/session/opto/200ms/raw_data.hdf5
behavior_ZS062_2021-04-12_18-46-29,a19639ac-6de1-4270-aa14-ac2604066bca,mZS062d20210412,\\allen\aind\stage\hopkins_data\ZS062\mZS062d20210412\neuralynx\opto\20ms_1\raw_data.hdf5,ecephys/neuralynx/session/opto/20ms_1/raw_data.hdf5
behavior_ZS062_2021-04-12_18-46-29,a19639ac-6de1-4270-aa14-ac2604066bca,mZS062d20210412,\\allen\aind\stage\hopkins_data\ZS062\mZS062d20210412\neuralynx\opto\20ms_2\raw_data.hdf5,ecephys/neuralynx/session/opto/20ms_2/raw_data.hdf5
behavior_ZS062_2021-04-13_19-35-13,19b93b1d-7e71-49b0-861e-2c96b348f395,mZS062d20210413,\\allen\aind\stage\hopkins_data\ZS062\mZS062d20210413\neuralynx\session\raw_data.hdf5,ecephys/neuralynx/session/raw_data.hdf5
behavior_ZS062_2021-04-13_19-35-13,19b93b1d-7e71-49b0-861e-2c96b348f395,mZS062d20210413,\\allen\aind\stage\hopkins_data\ZS062\mZS062d20210413\neuralynx\opto\20ms_1\raw_data.hdf5,ecephys/neuralynx/session/opto/20ms_1/raw_data.hdf5
behavior_ZS062_2021-04-13_19-35-13,19b93b1d-7e71-49b0-861e-2c96b348f395,mZS062d20210413,\\allen\aind\stage\hopkins_data\ZS062\mZS062d20210413\neuralynx\opto\20ms_2\raw_data.hdf5,ecephys/neuralynx/session/opto/20ms_2/raw_data.hdf5
behavior_ZS062_2021-04-14_17-07-51,597b45c2-9cc7-477a-811f-f9c20597c54c,mZS062d20210414,\\allen\aind\stage\hopkins_data\ZS062\mZS062d20210414\neuralynx\session\raw_data.hdf5,ecephys/neuralynx/session/raw_data.hdf5
behavior_ZS062_2021-04-14_17-07-51,597b45c2-9cc7-477a-811f-f9c20597c54c,mZS062d20210414,\\allen\aind\stage\hopkins_data\ZS062\mZS062d20210414\neuralynx\opto\20ms_1\raw_data.hdf5,ecephys/neuralynx/session/opto/20ms_1/raw_data.hdf5
behavior_ZS062_2021-04-15_17-52-49,0f971db1-d724-4b9e-9933-34b5a153fffd,mZS062d20210415,\\allen\aind\stage\hopkins_data\ZS062\mZS062d20210415\neuralynx\session\raw_data.hdf5,ecephys/neuralynx/session/raw_data.hdf5
behavior_ZS062_2021-04-15_17-52-49,0f971db1-d724-4b9e-9933-34b5a153fffd,mZS062d20210415,\\allen\aind\stage\hopkins_data\ZS062\mZS062d20210415\neuralynx\opto\20ms_1\raw_data.hdf5,ecephys/neuralynx/session/opto/20ms_1/raw_data.hdf5
behavior_ZS062_2021-04-15_17-52-49,0f971db1-d724-4b9e-9933-34b5a153fffd,mZS062d20210415,\\allen\aind\stage\hopkins_data\ZS062\mZS062d20210415\neuralynx\opto\20ms_2\raw_data.hdf5,ecephys/neuralynx/session/opto/20ms_2/raw_data.hdf5
behavior_ZS062_2021-04-16_18-17-09,4816bb02-9147-473a-a543-b26d56a1cc49,mZS062d20210416,\\allen\aind\stage\hopkins_data\ZS062\mZS062d20210416\neuralynx\session\raw_data.hdf5,ecephys/neuralynx/session/raw_data.hdf5
behavior_ZS062_2021-04-16_18-17-09,4816bb02-9147-473a-a543-b26d56a1cc49,mZS062d20210416,\\allen\aind\stage\hopkins_data\ZS062\mZS062d20210416\neuralynx\opto\20ms_1\raw_data.hdf5,ecephys/neuralynx/session/opto/20ms_1/raw_data.hdf5
behavior_ZS062_2021-04-16_18-17-09,4816bb02-9147-473a-a543-b26d56a1cc49,mZS062d20210416,\\allen\aind\stage\hopkins_data\ZS062\mZS062d20210416\neuralynx\opto\20ms_2\raw_data.hdf5,ecephys/neuralynx/session/opto/20ms_2/raw_data.hdf5
behavior_ZS062_2021-04-17_18-06-40,04e70cc5-0d51-4d77-bb53-63033c5f3478,mZS062d20210417,\\allen\aind\stage\hopkins_data\ZS062\mZS062d20210417\neuralynx\session\raw_data.hdf5,ecephys/neuralynx/session/raw_data.hdf5
behavior_ZS062_2021-04-17_18-06-40,04e70cc5-0d51-4d77-bb53-63033c5f3478,mZS062d20210417,\\allen\aind\stage\hopkins_data\ZS062\mZS062d20210417\neuralynx\opto\10ms\raw_data.hdf5,ecephys/neuralynx/session/opto/10ms/raw_data.hdf5
behavior_ZS062_2021-04-17_18-06-40,04e70cc5-0d51-4d77-bb53-63033c5f3478,mZS062d20210417,\\allen\aind\stage\hopkins_data\ZS062\mZS062d20210417\neuralynx\opto\20ms_2\raw_data.hdf5,ecephys/neuralynx/session/opto/20ms_2/raw_data.hdf5
behavior_ZS062_2021-04-18_19-52-39,4f63729f-479b-4713-a75d-d9fcf4b3855a,mZS062d20210418,\\allen\aind\stage\hopkins_data\ZS062\mZS062d20210418\neuralynx\session\raw_data.hdf5,ecephys/neuralynx/session/raw_data.hdf5
behavior_ZS062_2021-04-18_19-52-39,4f63729f-479b-4713-a75d-d9fcf4b3855a,mZS062d20210418,\\allen\aind\stage\hopkins_data\ZS062\mZS062d20210418\neuralynx\opto\20ms_1\raw_data.hdf5,ecephys/neuralynx/session/opto/20ms_1/raw_data.hdf5
behavior_ZS062_2021-04-18_19-52-39,4f63729f-479b-4713-a75d-d9fcf4b3855a,mZS062d20210418,\\allen\aind\stage\hopkins_data\ZS062\mZS062d20210418\neuralynx\opto\20ms_2\raw_data.hdf5,ecephys/neuralynx/session/opto/20ms_2/raw_data.hdf5
behavior_ZS062_2021-04-19_19-36-48,138cbc28-1907-42b3-9a71-2f20a09018b9,mZS062d20210419,\\allen\aind\stage\hopkins_data\ZS062\mZS062d20210419\neuralynx\session\raw_data.hdf5,ecephys/neuralynx/session/raw_data.hdf5
behavior_ZS062_2021-04-19_19-36-48,138cbc28-1907-42b3-9a71-2f20a09018b9,mZS062d20210419,\\allen\aind\stage\hopkins_data\ZS062\mZS062d20210419\neuralynx\opto\20ms_1\raw_data.hdf5,ecephys/neuralynx/session/opto/20ms_1/raw_data.hdf5
behavior_ZS062_2021-04-20_18-23-52,48e04ff2-1fe1-4bb5-be40-e9570b3b3d15,mZS062d20210420,\\allen\aind\stage\hopkins_data\ZS062\mZS062d20210420\neuralynx\session\raw_data.hdf5,ecephys/neuralynx/session/raw_data.hdf5
behavior_ZS062_2021-04-20_18-23-52,48e04ff2-1fe1-4bb5-be40-e9570b3b3d15,mZS062d20210420,\\allen\aind\stage\hopkins_data\ZS062\mZS062d20210420\neuralynx\opto\10ms\raw_data.hdf5,ecephys/neuralynx/session/opto/10ms/raw_data.hdf5
behavior_ZS062_2021-04-20_18-23-52,48e04ff2-1fe1-4bb5-be40-e9570b3b3d15,mZS062d20210420,\\allen\aind\stage\hopkins_data\ZS062\mZS062d20210420\neuralynx\opto\20ms\raw_data.hdf5,ecephys/neuralynx/session/opto/20ms/raw_data.hdf5
behavior_ZS062_2021-04-21_18-15-30,664a1d8f-0090-4223-a1a7-d27724d610a9,mZS062d20210421,\\allen\aind\stage\hopkins_data\ZS062\mZS062d20210421\neuralynx\session\raw_data.hdf5,ecephys/neuralynx/session/raw_data.hdf5
behavior_ZS062_2021-04-21_18-15-30,664a1d8f-0090-4223-a1a7-d27724d610a9,mZS062d20210421,\\allen\aind\stage\hopkins_data\ZS062\mZS062d20210421\neuralynx\opto\10ms\raw_data.hdf5,ecephys/neuralynx/session/opto/10ms/raw_data.hdf5
behavior_ZS062_2021-04-21_18-15-30,664a1d8f-0090-4223-a1a7-d27724d610a9,mZS062d20210421,\\allen\aind\stage\hopkins_data\ZS062\mZS062d20210421\neuralynx\opto\20ms\raw_data.hdf5,ecephys/neuralynx/session/opto/20ms/raw_data.hdf5
behavior_ZS062_2021-04-22_17-18-06,84095ea6-bd98-41d0-9584-ee4af63ec3ff,mZS062d20210422,\\allen\aind\stage\hopkins_data\ZS062\mZS062d20210422\neuralynx\session\raw_data.hdf5,ecephys/neuralynx/session/raw_data.hdf5
behavior_ZS062_2021-04-22_17-18-06,84095ea6-bd98-41d0-9584-ee4af63ec3ff,mZS062d20210422,\\allen\aind\stage\hopkins_data\ZS062\mZS062d20210422\neuralynx\opto\10ms\raw_data.hdf5,ecephys/neuralynx/session/opto/10ms/raw_data.hdf5
behavior_ZS062_2021-04-22_17-18-06,84095ea6-bd98-41d0-9584-ee4af63ec3ff,mZS062d20210422,\\allen\aind\stage\hopkins_data\ZS062\mZS062d20210422\neuralynx\opto\20ms\raw_data.hdf5,ecephys/neuralynx/session/opto/20ms/raw_data.hdf5
behavior_ZS062_2021-04-23_17-27-03,89484025-1474-40c3-b0bb-3e28724fb9f8,mZS062d20210423,\\allen\aind\stage\hopkins_data\ZS062\mZS062d20210423\neuralynx\session\raw_data.hdf5,ecephys/neuralynx/session/raw_data.hdf5
behavior_ZS062_2021-04-23_17-27-03,89484025-1474-40c3-b0bb-3e28724fb9f8,mZS062d20210423,\\allen\aind\stage\hopkins_data\ZS062\mZS062d20210423\neuralynx\opto\10ms\raw_data.hdf5,ecephys/neuralynx/session/opto/10ms/raw_data.hdf5
behavior_ZS062_2021-04-23_17-27-03,89484025-1474-40c3-b0bb-3e28724fb9f8,mZS062d20210423,\\allen\aind\stage\hopkins_data\ZS062\mZS062d20210423\neuralynx\opto\20ms\raw_data.hdf5,ecephys/neuralynx/session/opto/20ms/raw_data.hdf5
behavior_ZS062_2021-04-24_17-54-39,68527ba1-5085-4748-8322-9f1f8bbb3c31,mZS062d20210424,\\allen\aind\stage\hopkins_data\ZS062\mZS062d20210424\neuralynx\session\raw_data.hdf5,ecephys/neuralynx/session/raw_data.hdf5
behavior_ZS062_2021-04-24_17-54-39,68527ba1-5085-4748-8322-9f1f8bbb3c31,mZS062d20210424,\\allen\aind\stage\hopkins_data\ZS062\mZS062d20210424\neuralynx\opto\10ms\raw_data.hdf5,ecephys/neuralynx/session/opto/10ms/raw_data.hdf5
behavior_ZS062_2021-04-24_17-54-39,68527ba1-5085-4748-8322-9f1f8bbb3c31,mZS062d20210424,\\allen\aind\stage\hopkins_data\ZS062\mZS062d20210424\neuralynx\opto\20ms\raw_data.hdf5,ecephys/neuralynx/session/opto/20ms/raw_data.hdf5
behavior_ZS062_2021-04-25_18-53-35,66face85-3b71-4a49-8380-70be5ba50690,mZS062d20210425,\\allen\aind\stage\hopkins_data\ZS062\mZS062d20210425\neuralynx\session\raw_data.hdf5,ecephys/neuralynx/session/raw_data.hdf5
behavior_ZS062_2021-04-25_18-53-35,66face85-3b71-4a49-8380-70be5ba50690,mZS062d20210425,\\allen\aind\stage\hopkins_data\ZS062\mZS062d20210425\neuralynx\opto\10ms\raw_data.hdf5,ecephys/neuralynx/session/opto/10ms/raw_data.hdf5
behavior_ZS062_2021-04-25_18-53-35,66face85-3b71-4a49-8380-70be5ba50690,mZS062d20210425,\\allen\aind\stage\hopkins_data\ZS062\mZS062d20210425\neuralynx\opto\20ms\raw_data.hdf5,ecephys/neuralynx/session/opto/20ms/raw_data.hdf5
behavior_ZS062_2021-04-26_20-26-29,c8b8639e-9ed2-48ce-8d27-f9832be4dcdc,mZS062d20210426,\\allen\aind\stage\hopkins_data\ZS062\mZS062d20210426\neuralynx\session\raw_data.hdf5,ecephys/neuralynx/session/raw_data.hdf5
behavior_ZS062_2021-04-26_20-26-29,c8b8639e-9ed2-48ce-8d27-f9832be4dcdc,mZS062d20210426,\\allen\aind\stage\hopkins_data\ZS062\mZS062d20210426\neuralynx\opto\20ms\raw_data.hdf5,ecephys/neuralynx/session/opto/20ms/raw_data.hdf5
behavior_ZS062_2021-04-27_19-23-36,afcb6aae-88ac-46b6-8721-29f879fe6f6e,mZS062d20210427,\\allen\aind\stage\hopkins_data\ZS062\mZS062d20210427\neuralynx\session\raw_data.hdf5,ecephys/neuralynx/session/raw_data.hdf5
behavior_ZS062_2021-04-27_19-23-36,afcb6aae-88ac-46b6-8721-29f879fe6f6e,mZS062d20210427,\\allen\aind\stage\hopkins_data\ZS062\mZS062d20210427\neuralynx\opto\10ms\raw_data.hdf5,ecephys/neuralynx/session/opto/10ms/raw_data.hdf5
behavior_ZS062_2021-04-27_19-23-36,afcb6aae-88ac-46b6-8721-29f879fe6f6e,mZS062d20210427,\\allen\aind\stage\hopkins_data\ZS062\mZS062d20210427\neuralynx\opto\20ms\raw_data.hdf5,ecephys/neuralynx/session/opto/20ms/raw_data.hdf5
behavior_ZS062_2021-04-28_17-53-01,2f155bd2-0e5d-4e70-a35c-a1d696167f34,mZS062d20210428,\\allen\aind\stage\hopkins_data\ZS062\mZS062d20210428\neuralynx\session\raw_data.hdf5,ecephys/neuralynx/session/raw_data.hdf5
behavior_ZS062_2021-04-28_17-53-01,2f155bd2-0e5d-4e70-a35c-a1d696167f34,mZS062d20210428,\\allen\aind\stage\hopkins_data\ZS062\mZS062d20210428\neuralynx\opto\10ms\raw_data.hdf5,ecephys/neuralynx/session/opto/10ms/raw_data.hdf5
behavior_ZS062_2021-04-28_17-53-01,2f155bd2-0e5d-4e70-a35c-a1d696167f34,mZS062d20210428,\\allen\aind\stage\hopkins_data\ZS062\mZS062d20210428\neuralynx\opto\20ms\raw_data.hdf5,ecephys/neuralynx/session/opto/20ms/raw_data.hdf5
behavior_ZS062_2021-04-29_17-36-37,b6bb0ffd-3510-4a61-a99b-00ddf9ec2bde,mZS062d20210429,\\allen\aind\stage\hopkins_data\ZS062\mZS062d20210429\neuralynx\session\raw_data.hdf5,ecephys/neuralynx/session/raw_data.hdf5
behavior_ZS062_2021-04-29_17-36-37,b6bb0ffd-3510-4a61-a99b-00ddf9ec2bde,mZS062d20210429,\\allen\aind\stage\hopkins_data\ZS062\mZS062d20210429\neuralynx\opto\10ms\raw_data.hdf5,ecephys/neuralynx/session/opto/10ms/raw_data.hdf5
behavior_ZS062_2021-04-29_17-36-37,b6bb0ffd-3510-4a61-a99b-00ddf9ec2bde,mZS062d20210429,\\allen\aind\stage\hopkins_data\ZS062\mZS062d20210429\neuralynx\opto\10ms_1\raw_data.hdf5,ecephys/neuralynx/session/opto/10ms_1/raw_data.hdf5
behavior_ZS062_2021-04-30_18-11-39,24726d7b-3e8e-49db-a154-f8a1321b6ac4,mZS062d20210430,\\allen\aind\stage\hopkins_data\ZS062\mZS062d20210430\neuralynx\session\raw_data.hdf5,ecephys/neuralynx/session/raw_data.hdf5
behavior_ZS062_2021-04-30_18-11-39,24726d7b-3e8e-49db-a154-f8a1321b6ac4,mZS062d20210430,\\allen\aind\stage\hopkins_data\ZS062\mZS062d20210430\neuralynx\opto\10ms\raw_data.hdf5,ecephys/neuralynx/session/opto/10ms/raw_data.hdf5
behavior_ZS062_2021-04-30_18-11-39,24726d7b-3e8e-49db-a154-f8a1321b6ac4,mZS062d20210430,\\allen\aind\stage\hopkins_data\ZS062\mZS062d20210430\neuralynx\opto\10ms_2\raw_data.hdf5,ecephys/neuralynx/session/opto/10ms_2/raw_data.hdf5
behavior_ZS062_2021-05-01_19-48-01,8d3b3140-510d-4be5-a87b-8a6e8ce86695,mZS062d20210501,\\allen\aind\stage\hopkins_data\ZS062\mZS062d20210501\neuralynx\session\raw_data.hdf5,ecephys/neuralynx/session/raw_data.hdf5
behavior_ZS062_2021-05-01_19-48-01,8d3b3140-510d-4be5-a87b-8a6e8ce86695,mZS062d20210501,\\allen\aind\stage\hopkins_data\ZS062\mZS062d20210501\neuralynx\opto\10ms\raw_data.hdf5,ecephys/neuralynx/session/opto/10ms/raw_data.hdf5
behavior_ZS062_2021-05-01_19-48-01,8d3b3140-510d-4be5-a87b-8a6e8ce86695,mZS062d20210501,\\allen\aind\stage\hopkins_data\ZS062\mZS062d20210501\neuralynx\opto\10ms_1\raw_data.hdf5,ecephys/neuralynx/session/opto/10ms_1/raw_data.hdf5
behavior_ZS062_2021-05-02_19-20-50,c4992798-201d-4ed3-b4ae-56479a0cbd02,mZS062d20210502,\\allen\aind\stage\hopkins_data\ZS062\mZS062d20210502\neuralynx\session\raw_data.hdf5,ecephys/neuralynx/session/raw_data.hdf5
behavior_ZS062_2021-05-02_19-20-50,c4992798-201d-4ed3-b4ae-56479a0cbd02,mZS062d20210502,\\allen\aind\stage\hopkins_data\ZS062\mZS062d20210502\neuralynx\opto\10ms\raw_data.hdf5,ecephys/neuralynx/session/opto/10ms/raw_data.hdf5
behavior_ZS062_2021-05-02_19-20-50,c4992798-201d-4ed3-b4ae-56479a0cbd02,mZS062d20210502,\\allen\aind\stage\hopkins_data\ZS062\mZS062d20210502\neuralynx\opto\10ms_1\raw_data.hdf5,ecephys/neuralynx/session/opto/10ms_1/raw_data.hdf5
behavior_ZS062_2021-05-02_19-20-50,c4992798-201d-4ed3-b4ae-56479a0cbd02,mZS062d20210502,\\allen\aind\stage\hopkins_data\ZS062\mZS062d20210502\neuralynx\opto\20ms\raw_data.hdf5,ecephys/neuralynx/session/opto/20ms/raw_data.hdf5
behavior_ZS062_2021-05-03_13-58-20,5c31dfe9-3dcc-43b3-8578-f47dcfdbb538,mZS062d20210503,\\allen\aind\stage\hopkins_data\ZS062\mZS062d20210503\neuralynx\session\raw_data.hdf5,ecephys/neuralynx/session/raw_data.hdf5
behavior_ZS062_2021-05-03_13-58-20,5c31dfe9-3dcc-43b3-8578-f47dcfdbb538,mZS062d20210503,\\allen\aind\stage\hopkins_data\ZS062\mZS062d20210503\neuralynx\opto\10ms\raw_data.hdf5,ecephys/neuralynx/session/opto/10ms/raw_data.hdf5
behavior_ZS062_2021-05-03_13-58-20,5c31dfe9-3dcc-43b3-8578-f47dcfdbb538,mZS062d20210503,\\allen\aind\stage\hopkins_data\ZS062\mZS062d20210503\neuralynx\opto\20ms\raw_data.hdf5,ecephys/neuralynx/session/opto/20ms/raw_data.hdf5
behavior_ZS062_2021-05-04_14-29-20,3b394b5c-e8aa-4c23-815e-fcabf2df09b6,mZS062d20210504,\\allen\aind\stage\hopkins_data\ZS062\mZS062d20210504\neuralynx\session\raw_data.hdf5,ecephys/neuralynx/session/raw_data.hdf5
behavior_ZS062_2021-05-04_14-29-20,3b394b5c-e8aa-4c23-815e-fcabf2df09b6,mZS062d20210504,\\allen\aind\stage\hopkins_data\ZS062\mZS062d20210504\neuralynx\opto\10ms\raw_data.hdf5,ecephys/neuralynx/session/opto/10ms/raw_data.hdf5
behavior_ZS062_2021-05-04_14-29-20,3b394b5c-e8aa-4c23-815e-fcabf2df09b6,mZS062d20210504,\\allen\aind\stage\hopkins_data\ZS062\mZS062d20210504\neuralynx\opto\10ms_1\raw_data.hdf5,ecephys/neuralynx/session/opto/10ms_1/raw_data.hdf5
behavior_ZS062_2021-05-04_14-29-20,3b394b5c-e8aa-4c23-815e-fcabf2df09b6,mZS062d20210504,\\allen\aind\stage\hopkins_data\ZS062\mZS062d20210504\neuralynx\opto\20ms\raw_data.hdf5,ecephys/neuralynx/session/opto/20ms/raw_data.hdf5
behavior_ZS062_2021-05-05_16-34-46,ad088c27-0c9d-4aae-ab99-125ba41edd47,mZS062d20210505,\\allen\aind\stage\hopkins_data\ZS062\mZS062d20210505\neuralynx\session\raw_data.hdf5,ecephys/neuralynx/session/raw_data.hdf5
behavior_ZS062_2021-05-05_16-34-46,ad088c27-0c9d-4aae-ab99-125ba41edd47,mZS062d20210505,\\allen\aind\stage\hopkins_data\ZS062\mZS062d20210505\neuralynx\opto\10ms\raw_data.hdf5,ecephys/neuralynx/session/opto/10ms/raw_data.hdf5
behavior_ZS062_2021-05-05_16-34-46,ad088c27-0c9d-4aae-ab99-125ba41edd47,mZS062d20210505,\\allen\aind\stage\hopkins_data\ZS062\mZS062d20210505\neuralynx\opto\10ms_1\raw_data.hdf5,ecephys/neuralynx/session/opto/10ms_1/raw_data.hdf5
behavior_ZS062_2021-05-05_16-34-46,ad088c27-0c9d-4aae-ab99-125ba41edd47,mZS062d20210505,\\allen\aind\stage\hopkins_data\ZS062\mZS062d20210505\neuralynx\opto\20ms\raw_data.hdf5,ecephys/neuralynx/session/opto/20ms/raw_data.hdf5
behavior_ZS062_2021-05-06_15-46-14,c1af123f-8c59-4fb6-b0bd-ab4209878a94,mZS062d20210506,\\allen\aind\stage\hopkins_data\ZS062\mZS062d20210506\neuralynx\session\raw_data.hdf5,ecephys/neuralynx/session/raw_data.hdf5
behavior_ZS062_2021-05-06_15-46-14,c1af123f-8c59-4fb6-b0bd-ab4209878a94,mZS062d20210506,\\allen\aind\stage\hopkins_data\ZS062\mZS062d20210506\neuralynx\opto\10ms\raw_data.hdf5,ecephys/neuralynx/session/opto/10ms/raw_data.hdf5
behavior_ZS062_2021-05-06_15-46-14,c1af123f-8c59-4fb6-b0bd-ab4209878a94,mZS062d20210506,\\allen\aind\stage\hopkins_data\ZS062\mZS062d20210506\neuralynx\opto\10ms_1\raw_data.hdf5,ecephys/neuralynx/session/opto/10ms_1/raw_data.hdf5
behavior_ZS062_2021-05-06_15-46-14,c1af123f-8c59-4fb6-b0bd-ab4209878a94,mZS062d20210506,\\allen\aind\stage\hopkins_data\ZS062\mZS062d20210506\neuralynx\opto\20ms\raw_data.hdf5,ecephys/neuralynx/session/opto/20ms/raw_data.hdf5
behavior_ZS062_2021-05-07_17-38-21,e87dfe98-0abe-41d0-bdf3-d6ce59d25638,mZS062d20210507,\\allen\aind\stage\hopkins_data\ZS062\mZS062d20210507\neuralynx\session\raw_data.hdf5,ecephys/neuralynx/session/raw_data.hdf5
behavior_ZS062_2021-05-07_17-38-21,e87dfe98-0abe-41d0-bdf3-d6ce59d25638,mZS062d20210507,\\allen\aind\stage\hopkins_data\ZS062\mZS062d20210507\neuralynx\opto\10ms\raw_data.hdf5,ecephys/neuralynx/session/opto/10ms/raw_data.hdf5
behavior_ZS062_2021-05-07_17-38-21,e87dfe98-0abe-41d0-bdf3-d6ce59d25638,mZS062d20210507,\\allen\aind\stage\hopkins_data\ZS062\mZS062d20210507\neuralynx\opto\20ms\raw_data.hdf5,ecephys/neuralynx/session/opto/20ms/raw_data.hdf5
behavior_ZS062_2021-05-08_18-43-47,38d1a26d-7517-4b88-b34a-cdf36495e88f,mZS062d20210508,\\allen\aind\stage\hopkins_data\ZS062\mZS062d20210508\neuralynx\session\raw_data.hdf5,ecephys/neuralynx/session/raw_data.hdf5
behavior_ZS062_2021-05-08_18-43-47,38d1a26d-7517-4b88-b34a-cdf36495e88f,mZS062d20210508,\\allen\aind\stage\hopkins_data\ZS062\mZS062d20210508\neuralynx\opto\10ms\raw_data.hdf5,ecephys/neuralynx/session/opto/10ms/raw_data.hdf5
behavior_ZS062_2021-05-08_18-43-47,38d1a26d-7517-4b88-b34a-cdf36495e88f,mZS062d20210508,\\allen\aind\stage\hopkins_data\ZS062\mZS062d20210508\neuralynx\opto\20ms\raw_data.hdf5,ecephys/neuralynx/session/opto/20ms/raw_data.hdf5
behavior_ZS062_2021-05-09_17-15-10,d4551236-28b1-496a-80bd-38a22385bb6b,mZS062d20210509,\\allen\aind\stage\hopkins_data\ZS062\mZS062d20210509\neuralynx\session\raw_data.hdf5,ecephys/neuralynx/session/raw_data.hdf5
behavior_ZS062_2021-05-09_17-15-10,d4551236-28b1-496a-80bd-38a22385bb6b,mZS062d20210509,\\allen\aind\stage\hopkins_data\ZS062\mZS062d20210509\neuralynx\opto\10ms\raw_data.hdf5,ecephys/neuralynx/session/opto/10ms/raw_data.hdf5
behavior_ZS062_2021-05-09_17-15-10,d4551236-28b1-496a-80bd-38a22385bb6b,mZS062d20210509,\\allen\aind\stage\hopkins_data\ZS062\mZS062d20210509\neuralynx\opto\10ms_1\raw_data.hdf5,ecephys/neuralynx/session/opto/10ms_1/raw_data.hdf5
behavior_ZS062_2021-05-09_17-15-10,d4551236-28b1-496a-80bd-38a22385bb6b,mZS062d20210509,\\allen\aind\stage\hopkins_data\ZS062\mZS062d20210509\neuralynx\opto\20ms\raw_data.hdf5,ecephys/neuralynx/session/opto/20ms/raw_data.hdf5
behavior_ZS062_2021-05-10_19-15-51,e60c72d5-878f-4240-95dd-66e2d102e96a,mZS062d20210510,\\allen\aind\stage\hopkins_data\ZS062\mZS062d20210510\neuralynx\session\raw_data.hdf5,ecephys/neuralynx/session/raw_data.hdf5
behavior_ZS062_2021-05-10_19-15-51,e60c72d5-878f-4240-95dd-66e2d102e96a,mZS062d20210510,\\allen\aind\stage\hopkins_data\ZS062\mZS062d20210510\neuralynx\opto\10ms\raw_data.hdf5,ecephys/neuralynx/session/opto/10ms/raw_data.hdf5
behavior_ZS062_2021-05-10_19-15-51,e60c72d5-878f-4240-95dd-66e2d102e96a,mZS062d20210510,\\allen\aind\stage\hopkins_data\ZS062\mZS062d20210510\neuralynx\opto\10ms_1\raw_data.hdf5,ecephys/neuralynx/session/opto/10ms_1/raw_data.hdf5
behavior_ZS062_2021-05-10_19-15-51,e60c72d5-878f-4240-95dd-66e2d102e96a,mZS062d20210510,\\allen\aind\stage\hopkins_data\ZS062\mZS062d20210510\neuralynx\opto\20ms\raw_data.hdf5,ecephys/neuralynx/session/opto/20ms/raw_data.hdf5
behavior_ZS062_2021-05-11_20-10-59,0bfaebe6-12fa-4832-8dd5-404863c53fd1,mZS062d20210511,\\allen\aind\stage\hopkins_data\ZS062\mZS062d20210511\neuralynx\session\raw_data.hdf5,ecephys/neuralynx/session/raw_data.hdf5
behavior_ZS062_2021-05-11_20-10-59,0bfaebe6-12fa-4832-8dd5-404863c53fd1,mZS062d20210511,\\allen\aind\stage\hopkins_data\ZS062\mZS062d20210511\neuralynx\opto\10ms\raw_data.hdf5,ecephys/neuralynx/session/opto/10ms/raw_data.hdf5
behavior_ZS062_2021-05-11_20-10-59,0bfaebe6-12fa-4832-8dd5-404863c53fd1,mZS062d20210511,\\allen\aind\stage\hopkins_data\ZS062\mZS062d20210511\neuralynx\opto\20ms\raw_data.hdf5,ecephys/neuralynx/session/opto/20ms/raw_data.hdf5
