raw_data_CO_data_asset_id,hdf5_file,dir_in_asset,session_name
478c9648-c97c-4618-9c75-15293beba358,/allen/aind/stage/hopkins_data/ZS059/mZS059d20210324/neuralynx/session/raw_data.hdf5,ecephys/neuralynx/session/raw_data.hdf5,ZS059_2021-03-24_14-22-04_nwb_2025-08-14_10-55-51
478c9648-c97c-4618-9c75-15293beba358,/allen/aind/stage/hopkins_data/ZS059/mZS059d20210324/neuralynx/opto/10ms/raw_data.hdf5,ecephys/neuralynx/session/opto/10ms/raw_data.hdf5,ZS059_2021-03-24_14-22-04_nwb_2025-08-14_10-55-51
478c9648-c97c-4618-9c75-15293beba358,/allen/aind/stage/hopkins_data/ZS059/mZS059d20210324/neuralynx/opto/200ms/raw_data.hdf5,ecephys/neuralynx/session/opto/200ms/raw_data.hdf5,ZS059_2021-03-24_14-22-04_nwb_2025-08-14_10-55-51
a527b2e5-f42f-4942-af21-a7443b42c1ae,/allen/aind/stage/hopkins_data/ZS059/mZS059d20210325/neuralynx/session/raw_data.hdf5,ecephys/neuralynx/session/raw_data.hdf5,ZS059_2021-03-25_14-40-45_nwb_2025-08-14_10-55-51
a527b2e5-f42f-4942-af21-a7443b42c1ae,/allen/aind/stage/hopkins_data/ZS059/mZS059d20210325/neuralynx/opto/10ms/raw_data.hdf5,ecephys/neuralynx/session/opto/10ms/raw_data.hdf5,ZS059_2021-03-25_14-40-45_nwb_2025-08-14_10-55-51
a527b2e5-f42f-4942-af21-a7443b42c1ae,/allen/aind/stage/hopkins_data/ZS059/mZS059d20210325/neuralynx/opto/200ms/raw_data.hdf5,ecephys/neuralynx/session/opto/200ms/raw_data.hdf5,ZS059_2021-03-25_14-40-45_nwb_2025-08-14_10-55-51
5b7e4a84-e4af-4b0a-9953-7867e5efa68d,/allen/aind/stage/hopkins_data/ZS059/mZS059d20210326/neuralynx/session/raw_data.hdf5,ecephys/neuralynx/session/raw_data.hdf5,ZS059_2021-03-26_13-52-11_nwb_2025-08-14_10-55-50
5b7e4a84-e4af-4b0a-9953-7867e5efa68d,/allen/aind/stage/hopkins_data/ZS059/mZS059d20210326/neuralynx/opto/10ms/raw_data.hdf5,ecephys/neuralynx/session/opto/10ms/raw_data.hdf5,ZS059_2021-03-26_13-52-11_nwb_2025-08-14_10-55-50
5b7e4a84-e4af-4b0a-9953-7867e5efa68d,/allen/aind/stage/hopkins_data/ZS059/mZS059d20210326/neuralynx/opto/200ms/raw_data.hdf5,ecephys/neuralynx/session/opto/200ms/raw_data.hdf5,ZS059_2021-03-26_13-52-11_nwb_2025-08-14_10-55-50
5b7e4a84-e4af-4b0a-9953-7867e5efa68d,/allen/aind/stage/hopkins_data/ZS059/mZS059d20210326/neuralynx/opto/20ms/raw_data.hdf5,ecephys/neuralynx/session/opto/20ms/raw_data.hdf5,ZS059_2021-03-26_13-52-11_nwb_2025-08-14_10-55-50
f737f7a2-b040-4fb0-a662-e481108053f7,/allen/aind/stage/hopkins_data/ZS059/mZS059d20210327/neuralynx/session/raw_data.hdf5,ecephys/neuralynx/session/raw_data.hdf5,ZS059_2021-03-27_16-03-00_nwb_2025-08-14_10-55-50
f737f7a2-b040-4fb0-a662-e481108053f7,/allen/aind/stage/hopkins_data/ZS059/mZS059d20210327/neuralynx/opto/200ms/raw_data.hdf5,ecephys/neuralynx/session/opto/200ms/raw_data.hdf5,ZS059_2021-03-27_16-03-00_nwb_2025-08-14_10-55-50
f737f7a2-b040-4fb0-a662-e481108053f7,/allen/aind/stage/hopkins_data/ZS059/mZS059d20210327/neuralynx/opto/20ms/raw_data.hdf5,ecephys/neuralynx/session/opto/20ms/raw_data.hdf5,ZS059_2021-03-27_16-03-00_nwb_2025-08-14_10-55-50
92928a74-17a5-41ab-a4b1-1dafe90eaba9,/allen/aind/stage/hopkins_data/ZS059/mZS059d20210328/neuralynx/session/raw_data.hdf5,ecephys/neuralynx/session/raw_data.hdf5,ZS059_2021-03-28_14-18-58_nwb_2025-08-14_10-55-51
92928a74-17a5-41ab-a4b1-1dafe90eaba9,/allen/aind/stage/hopkins_data/ZS059/mZS059d20210328/neuralynx/opto/200ms/raw_data.hdf5,ecephys/neuralynx/session/opto/200ms/raw_data.hdf5,ZS059_2021-03-28_14-18-58_nwb_2025-08-14_10-55-51
92928a74-17a5-41ab-a4b1-1dafe90eaba9,/allen/aind/stage/hopkins_data/ZS059/mZS059d20210328/neuralynx/opto/20ms/raw_data.hdf5,ecephys/neuralynx/session/opto/20ms/raw_data.hdf5,ZS059_2021-03-28_14-18-58_nwb_2025-08-14_10-55-51
8ce934fa-6bc5-4c5e-9360-641c7e38880a,/allen/aind/stage/hopkins_data/ZS059/mZS059d20210329/neuralynx/session/raw_data.hdf5,ecephys/neuralynx/session/raw_data.hdf5,ZS059_2021-03-29_14-41-57_nwb_2025-08-14_10-55-50
8ce934fa-6bc5-4c5e-9360-641c7e38880a,/allen/aind/stage/hopkins_data/ZS059/mZS059d20210329/neuralynx/opto/200ms/raw_data.hdf5,ecephys/neuralynx/session/opto/200ms/raw_data.hdf5,ZS059_2021-03-29_14-41-57_nwb_2025-08-14_10-55-50
8ce934fa-6bc5-4c5e-9360-641c7e38880a,/allen/aind/stage/hopkins_data/ZS059/mZS059d20210329/neuralynx/opto/20ms/raw_data.hdf5,ecephys/neuralynx/session/opto/20ms/raw_data.hdf5,ZS059_2021-03-29_14-41-57_nwb_2025-08-14_10-55-50
10151302-3786-4e86-8197-b4bee25e97ca,/allen/aind/stage/hopkins_data/ZS059/mZS059d20210330/neuralynx/session/raw_data.hdf5,ecephys/neuralynx/session/raw_data.hdf5,ZS059_2021-03-30_14-57-13_nwb_2025-08-14_10-55-51
10151302-3786-4e86-8197-b4bee25e97ca,/allen/aind/stage/hopkins_data/ZS059/mZS059d20210330/neuralynx/opto/200ms/raw_data.hdf5,ecephys/neuralynx/session/opto/200ms/raw_data.hdf5,ZS059_2021-03-30_14-57-13_nwb_2025-08-14_10-55-51
10151302-3786-4e86-8197-b4bee25e97ca,/allen/aind/stage/hopkins_data/ZS059/mZS059d20210330/neuralynx/opto/20ms/raw_data.hdf5,ecephys/neuralynx/session/opto/20ms/raw_data.hdf5,ZS059_2021-03-30_14-57-13_nwb_2025-08-14_10-55-51
26d44b97-bf08-4afa-a7d5-80f01da4526b,/allen/aind/stage/hopkins_data/ZS059/mZS059d20210331/neuralynx/session/raw_data.hdf5,ecephys/neuralynx/session/raw_data.hdf5,ZS059_2021-03-31_14-32-51_nwb_2025-08-14_10-55-51
26d44b97-bf08-4afa-a7d5-80f01da4526b,/allen/aind/stage/hopkins_data/ZS059/mZS059d20210331/neuralynx/opto/200ms/raw_data.hdf5,ecephys/neuralynx/session/opto/200ms/raw_data.hdf5,ZS059_2021-03-31_14-32-51_nwb_2025-08-14_10-55-51
26d44b97-bf08-4afa-a7d5-80f01da4526b,/allen/aind/stage/hopkins_data/ZS059/mZS059d20210331/neuralynx/opto/20ms/raw_data.hdf5,ecephys/neuralynx/session/opto/20ms/raw_data.hdf5,ZS059_2021-03-31_14-32-51_nwb_2025-08-14_10-55-51
26d44b97-bf08-4afa-a7d5-80f01da4526b,/allen/aind/stage/hopkins_data/ZS059/mZS059d20210331/neuralynx/opto/20ms_2/raw_data.hdf5,ecephys/neuralynx/session/opto/20ms_2/raw_data.hdf5,ZS059_2021-03-31_14-32-51_nwb_2025-08-14_10-55-51
ec12b9b4-10ec-4fdc-9c34-ba8bc8fcd5a1,/allen/aind/stage/hopkins_data/ZS059/mZS059d20210401/neuralynx/session/raw_data.hdf5,ecephys/neuralynx/session/raw_data.hdf5,ZS059_2021-04-01_14-17-46_nwb_2025-08-14_10-55-50
ec12b9b4-10ec-4fdc-9c34-ba8bc8fcd5a1,/allen/aind/stage/hopkins_data/ZS059/mZS059d20210401/neuralynx/opto/20ms/raw_data.hdf5,ecephys/neuralynx/session/opto/20ms/raw_data.hdf5,ZS059_2021-04-01_14-17-46_nwb_2025-08-14_10-55-50
28e02adf-451a-41f0-ac72-e4c3eb5cd2d9,/allen/aind/stage/hopkins_data/ZS059/mZS059d20210402/neuralynx/session/raw_data.hdf5,ecephys/neuralynx/session/raw_data.hdf5,ZS059_2021-04-02_15-05-16_nwb_2025-08-14_10-55-50
28e02adf-451a-41f0-ac72-e4c3eb5cd2d9,/allen/aind/stage/hopkins_data/ZS059/mZS059d20210402/neuralynx/opto/200ms/raw_data.hdf5,ecephys/neuralynx/session/opto/200ms/raw_data.hdf5,ZS059_2021-04-02_15-05-16_nwb_2025-08-14_10-55-50
28e02adf-451a-41f0-ac72-e4c3eb5cd2d9,/allen/aind/stage/hopkins_data/ZS059/mZS059d20210402/neuralynx/opto/20ms/raw_data.hdf5,ecephys/neuralynx/session/opto/20ms/raw_data.hdf5,ZS059_2021-04-02_15-05-16_nwb_2025-08-14_10-55-50
4f66d7d9-9dcb-423b-8078-52e571a53c33,/allen/aind/stage/hopkins_data/ZS059/mZS059d20210403/neuralynx/session/raw_data.hdf5,ecephys/neuralynx/session/raw_data.hdf5,ZS059_2021-04-03_16-30-45_nwb_2025-08-14_10-55-50
4f66d7d9-9dcb-423b-8078-52e571a53c33,/allen/aind/stage/hopkins_data/ZS059/mZS059d20210403/neuralynx/opto/200ms/raw_data.hdf5,ecephys/neuralynx/session/opto/200ms/raw_data.hdf5,ZS059_2021-04-03_16-30-45_nwb_2025-08-14_10-55-50
4f66d7d9-9dcb-423b-8078-52e571a53c33,/allen/aind/stage/hopkins_data/ZS059/mZS059d20210403/neuralynx/opto/20ms/raw_data.hdf5,ecephys/neuralynx/session/opto/20ms/raw_data.hdf5,ZS059_2021-04-03_16-30-45_nwb_2025-08-14_10-55-50
bd60d584-e19d-42cd-98f0-0d3487f56cc3,/allen/aind/stage/hopkins_data/ZS059/mZS059d20210404/neuralynx/session/raw_data.hdf5,ecephys/neuralynx/session/raw_data.hdf5,ZS059_2021-04-04_15-23-14_nwb_2025-08-14_10-55-51
bd60d584-e19d-42cd-98f0-0d3487f56cc3,/allen/aind/stage/hopkins_data/ZS059/mZS059d20210404/neuralynx/opto/200ms/raw_data.hdf5,ecephys/neuralynx/session/opto/200ms/raw_data.hdf5,ZS059_2021-04-04_15-23-14_nwb_2025-08-14_10-55-51
bd60d584-e19d-42cd-98f0-0d3487f56cc3,/allen/aind/stage/hopkins_data/ZS059/mZS059d20210404/neuralynx/opto/20ms/raw_data.hdf5,ecephys/neuralynx/session/opto/20ms/raw_data.hdf5,ZS059_2021-04-04_15-23-14_nwb_2025-08-14_10-55-51
c70d1891-6bdd-4352-a8a1-a7150d456a82,/allen/aind/stage/hopkins_data/ZS059/mZS059d20210405/neuralynx/session/raw_data.hdf5,ecephys/neuralynx/session/raw_data.hdf5,ZS059_2021-04-05_14-33-48_nwb_2025-08-14_10-55-51
c70d1891-6bdd-4352-a8a1-a7150d456a82,/allen/aind/stage/hopkins_data/ZS059/mZS059d20210405/neuralynx/opto/20ms/raw_data.hdf5,ecephys/neuralynx/session/opto/20ms/raw_data.hdf5,ZS059_2021-04-05_14-33-48_nwb_2025-08-14_10-55-51
c70d1891-6bdd-4352-a8a1-a7150d456a82,/allen/aind/stage/hopkins_data/ZS059/mZS059d20210405/neuralynx/opto/20ms_1/raw_data.hdf5,ecephys/neuralynx/session/opto/20ms_1/raw_data.hdf5,ZS059_2021-04-05_14-33-48_nwb_2025-08-14_10-55-51
910d7af6-2894-403b-aa6b-5e1ca817d73f,/allen/aind/stage/hopkins_data/ZS059/mZS059d20210406/neuralynx/session/raw_data.hdf5,ecephys/neuralynx/session/raw_data.hdf5,ZS059_2021-04-06_14-30-26_nwb_2025-08-14_10-55-51
910d7af6-2894-403b-aa6b-5e1ca817d73f,/allen/aind/stage/hopkins_data/ZS059/mZS059d20210406/neuralynx/opto/20ms/raw_data.hdf5,ecephys/neuralynx/session/opto/20ms/raw_data.hdf5,ZS059_2021-04-06_14-30-26_nwb_2025-08-14_10-55-51
910d7af6-2894-403b-aa6b-5e1ca817d73f,/allen/aind/stage/hopkins_data/ZS059/mZS059d20210406/neuralynx/opto/20ms_2/raw_data.hdf5,ecephys/neuralynx/session/opto/20ms_2/raw_data.hdf5,ZS059_2021-04-06_14-30-26_nwb_2025-08-14_10-55-51
39ec9e1b-0c5e-4b42-a319-8322bd0a9058,/allen/aind/stage/hopkins_data/ZS059/mZS059d20210407/neuralynx/session/raw_data.hdf5,ecephys/neuralynx/session/raw_data.hdf5,ZS059_2021-04-07_13-58-21_nwb_2025-08-14_10-55-51
39ec9e1b-0c5e-4b42-a319-8322bd0a9058,/allen/aind/stage/hopkins_data/ZS059/mZS059d20210407/neuralynx/opto/20ms_1/raw_data.hdf5,ecephys/neuralynx/session/opto/20ms_1/raw_data.hdf5,ZS059_2021-04-07_13-58-21_nwb_2025-08-14_10-55-51
39ec9e1b-0c5e-4b42-a319-8322bd0a9058,/allen/aind/stage/hopkins_data/ZS059/mZS059d20210407/neuralynx/opto/20ms_2/raw_data.hdf5,ecephys/neuralynx/session/opto/20ms_2/raw_data.hdf5,ZS059_2021-04-07_13-58-21_nwb_2025-08-14_10-55-51
471c2c72-1a5f-45d2-b097-a18c098c00ef,/allen/aind/stage/hopkins_data/ZS059/mZS059d20210408/neuralynx/session/raw_data.hdf5,ecephys/neuralynx/session/raw_data.hdf5,ZS059_2021-04-08_15-53-36_nwb_2025-08-14_10-55-51
471c2c72-1a5f-45d2-b097-a18c098c00ef,/allen/aind/stage/hopkins_data/ZS059/mZS059d20210408/neuralynx/opto/20ms_1/raw_data.hdf5,ecephys/neuralynx/session/opto/20ms_1/raw_data.hdf5,ZS059_2021-04-08_15-53-36_nwb_2025-08-14_10-55-51
471c2c72-1a5f-45d2-b097-a18c098c00ef,/allen/aind/stage/hopkins_data/ZS059/mZS059d20210408/neuralynx/opto/20ms_2/raw_data.hdf5,ecephys/neuralynx/session/opto/20ms_2/raw_data.hdf5,ZS059_2021-04-08_15-53-36_nwb_2025-08-14_10-55-51
06f9e31c-988c-40a7-8372-1c86f356bde7,/allen/aind/stage/hopkins_data/ZS059/mZS059d20210409/neuralynx/session/raw_data.hdf5,ecephys/neuralynx/session/raw_data.hdf5,ZS059_2021-04-09_15-53-45_nwb_2025-08-14_10-55-51
06f9e31c-988c-40a7-8372-1c86f356bde7,/allen/aind/stage/hopkins_data/ZS059/mZS059d20210409/neuralynx/opto/20ms_1/raw_data.hdf5,ecephys/neuralynx/session/opto/20ms_1/raw_data.hdf5,ZS059_2021-04-09_15-53-45_nwb_2025-08-14_10-55-51
06f9e31c-988c-40a7-8372-1c86f356bde7,/allen/aind/stage/hopkins_data/ZS059/mZS059d20210409/neuralynx/opto/20ms_2/raw_data.hdf5,ecephys/neuralynx/session/opto/20ms_2/raw_data.hdf5,ZS059_2021-04-09_15-53-45_nwb_2025-08-14_10-55-51
e92b86d9-1780-4a1f-8b61-cd2ca2de0fce,/allen/aind/stage/hopkins_data/ZS059/mZS059d20210410/neuralynx/session/raw_data.hdf5,ecephys/neuralynx/session/raw_data.hdf5,ZS059_2021-04-10_15-55-11_nwb_2025-08-14_10-55-50
e92b86d9-1780-4a1f-8b61-cd2ca2de0fce,/allen/aind/stage/hopkins_data/ZS059/mZS059d20210410/neuralynx/opto/20ms_1/raw_data.hdf5,ecephys/neuralynx/session/opto/20ms_1/raw_data.hdf5,ZS059_2021-04-10_15-55-11_nwb_2025-08-14_10-55-50
e92b86d9-1780-4a1f-8b61-cd2ca2de0fce,/allen/aind/stage/hopkins_data/ZS059/mZS059d20210410/neuralynx/opto/20ms_2/raw_data.hdf5,ecephys/neuralynx/session/opto/20ms_2/raw_data.hdf5,ZS059_2021-04-10_15-55-11_nwb_2025-08-14_10-55-50
ddac46bc-b4af-44c0-854e-44412ded727b,/allen/aind/stage/hopkins_data/ZS059/mZS059d20210411/neuralynx/session/raw_data.hdf5,ecephys/neuralynx/session/raw_data.hdf5,ZS059_2021-04-11_15-41-45_nwb_2025-08-14_10-55-51
ddac46bc-b4af-44c0-854e-44412ded727b,/allen/aind/stage/hopkins_data/ZS059/mZS059d20210411/neuralynx/opto/20ms_1/raw_data.hdf5,ecephys/neuralynx/session/opto/20ms_1/raw_data.hdf5,ZS059_2021-04-11_15-41-45_nwb_2025-08-14_10-55-51
ddac46bc-b4af-44c0-854e-44412ded727b,/allen/aind/stage/hopkins_data/ZS059/mZS059d20210411/neuralynx/opto/20ms_2/raw_data.hdf5,ecephys/neuralynx/session/opto/20ms_2/raw_data.hdf5,ZS059_2021-04-11_15-41-45_nwb_2025-08-14_10-55-51
566ada61-532a-40c3-8848-59b9b685dc11,/allen/aind/stage/hopkins_data/ZS059/mZS059d20210412/neuralynx/session/raw_data.hdf5,ecephys/neuralynx/session/raw_data.hdf5,ZS059_2021-04-12_14-57-43_nwb_2025-08-14_10-55-50
566ada61-532a-40c3-8848-59b9b685dc11,/allen/aind/stage/hopkins_data/ZS059/mZS059d20210412/neuralynx/opto/20ms_1/raw_data.hdf5,ecephys/neuralynx/session/opto/20ms_1/raw_data.hdf5,ZS059_2021-04-12_14-57-43_nwb_2025-08-14_10-55-50
566ada61-532a-40c3-8848-59b9b685dc11,/allen/aind/stage/hopkins_data/ZS059/mZS059d20210412/neuralynx/opto/20ms_2/raw_data.hdf5,ecephys/neuralynx/session/opto/20ms_2/raw_data.hdf5,ZS059_2021-04-12_14-57-43_nwb_2025-08-14_10-55-50
5884d64b-9340-42ed-b7f4-d0eed0d8979a,/allen/aind/stage/hopkins_data/ZS059/mZS059d20210413/neuralynx/session/raw_data.hdf5,ecephys/neuralynx/session/raw_data.hdf5,ZS059_2021-04-13_15-43-53_nwb_2025-08-14_10-55-51
5884d64b-9340-42ed-b7f4-d0eed0d8979a,/allen/aind/stage/hopkins_data/ZS059/mZS059d20210413/neuralynx/opto/20ms_1/raw_data.hdf5,ecephys/neuralynx/session/opto/20ms_1/raw_data.hdf5,ZS059_2021-04-13_15-43-53_nwb_2025-08-14_10-55-51
5884d64b-9340-42ed-b7f4-d0eed0d8979a,/allen/aind/stage/hopkins_data/ZS059/mZS059d20210413/neuralynx/opto/20ms_2/raw_data.hdf5,ecephys/neuralynx/session/opto/20ms_2/raw_data.hdf5,ZS059_2021-04-13_15-43-53_nwb_2025-08-14_10-55-51
5884d64b-9340-42ed-b7f4-d0eed0d8979a,/allen/aind/stage/hopkins_data/ZS059/mZS059d20210413/neuralynx/opto/20ms_3/raw_data.hdf5,ecephys/neuralynx/session/opto/20ms_3/raw_data.hdf5,ZS059_2021-04-13_15-43-53_nwb_2025-08-14_10-55-51
97aa0ae1-ec1a-4353-9c3e-6a72fcb8d2cd,/allen/aind/stage/hopkins_data/ZS059/mZS059d20210414/neuralynx/session/raw_data.hdf5,ecephys/neuralynx/session/raw_data.hdf5,ZS059_2021-04-14_14-51-04_nwb_2025-08-14_10-55-50
97aa0ae1-ec1a-4353-9c3e-6a72fcb8d2cd,/allen/aind/stage/hopkins_data/ZS059/mZS059d20210414/neuralynx/opto/20ms_1/raw_data.hdf5,ecephys/neuralynx/session/opto/20ms_1/raw_data.hdf5,ZS059_2021-04-14_14-51-04_nwb_2025-08-14_10-55-50
97aa0ae1-ec1a-4353-9c3e-6a72fcb8d2cd,/allen/aind/stage/hopkins_data/ZS059/mZS059d20210414/neuralynx/opto/20ms_2/raw_data.hdf5,ecephys/neuralynx/session/opto/20ms_2/raw_data.hdf5,ZS059_2021-04-14_14-51-04_nwb_2025-08-14_10-55-50
5b1d15eb-cecf-4f44-b2e0-7f5f7cc2e1c5,/allen/aind/stage/hopkins_data/ZS059/mZS059d20210415/neuralynx/session/raw_data.hdf5,ecephys/neuralynx/session/raw_data.hdf5,ZS059_2021-04-15_15-29-28_nwb_2025-08-14_10-55-51
5b1d15eb-cecf-4f44-b2e0-7f5f7cc2e1c5,/allen/aind/stage/hopkins_data/ZS059/mZS059d20210415/neuralynx/opto/20ms_1/raw_data.hdf5,ecephys/neuralynx/session/opto/20ms_1/raw_data.hdf5,ZS059_2021-04-15_15-29-28_nwb_2025-08-14_10-55-51
5b1d15eb-cecf-4f44-b2e0-7f5f7cc2e1c5,/allen/aind/stage/hopkins_data/ZS059/mZS059d20210415/neuralynx/opto/20ms_2/raw_data.hdf5,ecephys/neuralynx/session/opto/20ms_2/raw_data.hdf5,ZS059_2021-04-15_15-29-28_nwb_2025-08-14_10-55-51
c81a5e69-f19a-4d10-aea7-5eeb8174c6f4,/allen/aind/stage/hopkins_data/ZS059/mZS059d20210416/neuralynx/session/raw_data.hdf5,ecephys/neuralynx/session/raw_data.hdf5,ZS059_2021-04-16_14-50-15_nwb_2025-08-14_10-55-51
c81a5e69-f19a-4d10-aea7-5eeb8174c6f4,/allen/aind/stage/hopkins_data/ZS059/mZS059d20210416/neuralynx/opto/20ms_1/raw_data.hdf5,ecephys/neuralynx/session/opto/20ms_1/raw_data.hdf5,ZS059_2021-04-16_14-50-15_nwb_2025-08-14_10-55-51
c81a5e69-f19a-4d10-aea7-5eeb8174c6f4,/allen/aind/stage/hopkins_data/ZS059/mZS059d20210416/neuralynx/opto/20ms_2/raw_data.hdf5,ecephys/neuralynx/session/opto/20ms_2/raw_data.hdf5,ZS059_2021-04-16_14-50-15_nwb_2025-08-14_10-55-51
cfa9e82b-8134-419a-b766-30d73524db17,/allen/aind/stage/hopkins_data/ZS059/mZS059d20210417/neuralynx/session/raw_data.hdf5,ecephys/neuralynx/session/raw_data.hdf5,ZS059_2021-04-17_15-44-53_nwb_2025-08-14_10-55-50
cfa9e82b-8134-419a-b766-30d73524db17,/allen/aind/stage/hopkins_data/ZS059/mZS059d20210417/neuralynx/opto/20ms_1/raw_data.hdf5,ecephys/neuralynx/session/opto/20ms_1/raw_data.hdf5,ZS059_2021-04-17_15-44-53_nwb_2025-08-14_10-55-50
9b4c8cc8-b19e-4def-9f0b-923659e61298,/allen/aind/stage/hopkins_data/ZS059/mZS059d20210418/neuralynx/opto/20ms_1/raw_data.hdf5,ecephys/neuralynx/session/opto/20ms_1/raw_data.hdf5,ZS059_2021-04-18_17-26-19_nwb_2025-08-14_10-55-51
a43a0f1d-1f63-4471-9b15-a31c1e9ffa42,/allen/aind/stage/hopkins_data/ZS059/mZS059d20210419/neuralynx/session/raw_data.hdf5,ecephys/neuralynx/session/raw_data.hdf5,ZS059_2021-04-19_14-42-16_nwb_2025-08-14_10-55-51
a43a0f1d-1f63-4471-9b15-a31c1e9ffa42,/allen/aind/stage/hopkins_data/ZS059/mZS059d20210419/neuralynx/opto/10ms/raw_data.hdf5,ecephys/neuralynx/session/opto/10ms/raw_data.hdf5,ZS059_2021-04-19_14-42-16_nwb_2025-08-14_10-55-51
6c986a09-9975-4f36-881e-605864c91b38,/allen/aind/stage/hopkins_data/ZS059/mZS059d20210420/neuralynx/session/raw_data.hdf5,ecephys/neuralynx/session/raw_data.hdf5,ZS059_2021-04-20_14-50-03_nwb_2025-08-14_10-55-50
6c986a09-9975-4f36-881e-605864c91b38,/allen/aind/stage/hopkins_data/ZS059/mZS059d20210420/neuralynx/opto/10ms/raw_data.hdf5,ecephys/neuralynx/session/opto/10ms/raw_data.hdf5,ZS059_2021-04-20_14-50-03_nwb_2025-08-14_10-55-50
6c986a09-9975-4f36-881e-605864c91b38,/allen/aind/stage/hopkins_data/ZS059/mZS059d20210420/neuralynx/opto/20ms_1/raw_data.hdf5,ecephys/neuralynx/session/opto/20ms_1/raw_data.hdf5,ZS059_2021-04-20_14-50-03_nwb_2025-08-14_10-55-50
93fe3c24-bd4c-48cc-9e1a-50ba59f35310,/allen/aind/stage/hopkins_data/ZS059/mZS059d20210421/neuralynx/session/raw_data.hdf5,ecephys/neuralynx/session/raw_data.hdf5,ZS059_2021-04-21_15-58-55_nwb_2025-08-14_10-55-51
93fe3c24-bd4c-48cc-9e1a-50ba59f35310,/allen/aind/stage/hopkins_data/ZS059/mZS059d20210421/neuralynx/opto/10ms/raw_data.hdf5,ecephys/neuralynx/session/opto/10ms/raw_data.hdf5,ZS059_2021-04-21_15-58-55_nwb_2025-08-14_10-55-51
93fe3c24-bd4c-48cc-9e1a-50ba59f35310,/allen/aind/stage/hopkins_data/ZS059/mZS059d20210421/neuralynx/opto/20ms/raw_data.hdf5,ecephys/neuralynx/session/opto/20ms/raw_data.hdf5,ZS059_2021-04-21_15-58-55_nwb_2025-08-14_10-55-51
93fe3c24-bd4c-48cc-9e1a-50ba59f35310,/allen/aind/stage/hopkins_data/ZS059/mZS059d20210421/neuralynx/opto/20ms_1/raw_data.hdf5,ecephys/neuralynx/session/opto/20ms_1/raw_data.hdf5,ZS059_2021-04-21_15-58-55_nwb_2025-08-14_10-55-51
b7483ca4-5d91-47c0-b4f2-63176cdf9a59,/allen/aind/stage/hopkins_data/ZS059/mZS059d20210422/neuralynx/session/raw_data.hdf5,ecephys/neuralynx/session/raw_data.hdf5,ZS059_2021-04-22_15-11-25_nwb_2025-08-14_10-55-51
b7483ca4-5d91-47c0-b4f2-63176cdf9a59,/allen/aind/stage/hopkins_data/ZS059/mZS059d20210422/neuralynx/opto/10ms/raw_data.hdf5,ecephys/neuralynx/session/opto/10ms/raw_data.hdf5,ZS059_2021-04-22_15-11-25_nwb_2025-08-14_10-55-51
b7483ca4-5d91-47c0-b4f2-63176cdf9a59,/allen/aind/stage/hopkins_data/ZS059/mZS059d20210422/neuralynx/opto/20ms/raw_data.hdf5,ecephys/neuralynx/session/opto/20ms/raw_data.hdf5,ZS059_2021-04-22_15-11-25_nwb_2025-08-14_10-55-51
5afff9ff-12e0-4297-9539-d2e4e93de50a,/allen/aind/stage/hopkins_data/ZS059/mZS059d20210423/neuralynx/session/raw_data.hdf5,ecephys/neuralynx/session/raw_data.hdf5,ZS059_2021-04-23_14-57-50_nwb_2025-08-14_10-55-50
5afff9ff-12e0-4297-9539-d2e4e93de50a,/allen/aind/stage/hopkins_data/ZS059/mZS059d20210423/neuralynx/opto/10ms/raw_data.hdf5,ecephys/neuralynx/session/opto/10ms/raw_data.hdf5,ZS059_2021-04-23_14-57-50_nwb_2025-08-14_10-55-50
5afff9ff-12e0-4297-9539-d2e4e93de50a,/allen/aind/stage/hopkins_data/ZS059/mZS059d20210423/neuralynx/opto/20ms/raw_data.hdf5,ecephys/neuralynx/session/opto/20ms/raw_data.hdf5,ZS059_2021-04-23_14-57-50_nwb_2025-08-14_10-55-50
77693355-db7b-42f9-b927-87e3827a66ad,/allen/aind/stage/hopkins_data/ZS059/mZS059d20210424/neuralynx/session/raw_data.hdf5,ecephys/neuralynx/session/raw_data.hdf5,ZS059_2021-04-24_15-38-10_nwb_2025-08-14_10-55-50
77693355-db7b-42f9-b927-87e3827a66ad,/allen/aind/stage/hopkins_data/ZS059/mZS059d20210424/neuralynx/opto/20ms/raw_data.hdf5,ecephys/neuralynx/session/opto/20ms/raw_data.hdf5,ZS059_2021-04-24_15-38-10_nwb_2025-08-14_10-55-50
74b05cc9-d29d-48f3-b309-57d5b7c57bab,/allen/aind/stage/hopkins_data/ZS059/mZS059d20210425/neuralynx/session/raw_data.hdf5,ecephys/neuralynx/session/raw_data.hdf5,ZS059_2021-04-25_16-22-31_nwb_2025-08-14_10-55-51
74b05cc9-d29d-48f3-b309-57d5b7c57bab,/allen/aind/stage/hopkins_data/ZS059/mZS059d20210425/neuralynx/opto/20ms/raw_data.hdf5,ecephys/neuralynx/session/opto/20ms/raw_data.hdf5,ZS059_2021-04-25_16-22-31_nwb_2025-08-14_10-55-51
35077244-584d-4101-ab1c-a49a677e6e4b,/allen/aind/stage/hopkins_data/ZS059/mZS059d20210426/neuralynx/session/raw_data.hdf5,ecephys/neuralynx/session/raw_data.hdf5,ZS059_2021-04-26_14-44-03_nwb_2025-08-14_10-55-51
35077244-584d-4101-ab1c-a49a677e6e4b,/allen/aind/stage/hopkins_data/ZS059/mZS059d20210426/neuralynx/opto/10ms/raw_data.hdf5,ecephys/neuralynx/session/opto/10ms/raw_data.hdf5,ZS059_2021-04-26_14-44-03_nwb_2025-08-14_10-55-51
488e6b43-601c-42f8-9de4-2abbf088f4eb,/allen/aind/stage/hopkins_data/ZS059/mZS059d20210427/neuralynx/opto/20ms/raw_data.hdf5,ecephys/neuralynx/session/opto/20ms/raw_data.hdf5,ZS059_2021-04-27_15-12-43_nwb_2025-08-14_10-55-51
65587dca-4008-4b43-afd4-0c9968cf07c1,/allen/aind/stage/hopkins_data/ZS059/mZS059d20210428/neuralynx/opto/20ms/raw_data.hdf5,ecephys/neuralynx/session/opto/20ms/raw_data.hdf5,ZS059_2021-04-28_14-00-12_nwb_2025-08-14_10-55-51
f3e12a7b-ae78-4fed-8a4a-6bc065016f85,/allen/aind/stage/hopkins_data/ZS059/mZS059d20210429/neuralynx/opto/20ms/raw_data.hdf5,ecephys/neuralynx/session/opto/20ms/raw_data.hdf5,ZS059_2021-04-29_14-02-45_nwb_2025-08-14_10-55-51
1a3dc614-6daa-42a8-8dc5-1e81802d31ee,/allen/aind/stage/hopkins_data/ZS060/mZS060d20210324/neuralynx/opto/10ms/raw_data.hdf5,ecephys/neuralynx/session/opto/10ms/raw_data.hdf5,ZS060_2021-03-24_15-40-00_nwb_2025-08-14_10-55-51
1a3dc614-6daa-42a8-8dc5-1e81802d31ee,/allen/aind/stage/hopkins_data/ZS060/mZS060d20210324/neuralynx/opto/200ms/raw_data.hdf5,ecephys/neuralynx/session/opto/200ms/raw_data.hdf5,ZS060_2021-03-24_15-40-00_nwb_2025-08-14_10-55-51
14af55fe-e350-42b8-b8cb-2061c95f061e,/allen/aind/stage/hopkins_data/ZS060/mZS060d20210327/neuralynx/session/raw_data.hdf5,ecephys/neuralynx/session/raw_data.hdf5,ZS060_2021-03-27_17-11-43_nwb_2025-08-14_10-55-50
14af55fe-e350-42b8-b8cb-2061c95f061e,/allen/aind/stage/hopkins_data/ZS060/mZS060d20210327/neuralynx/opto/200ms/raw_data.hdf5,ecephys/neuralynx/session/opto/200ms/raw_data.hdf5,ZS060_2021-03-27_17-11-43_nwb_2025-08-14_10-55-50
14af55fe-e350-42b8-b8cb-2061c95f061e,/allen/aind/stage/hopkins_data/ZS060/mZS060d20210327/neuralynx/opto/20ms/raw_data.hdf5,ecephys/neuralynx/session/opto/20ms/raw_data.hdf5,ZS060_2021-03-27_17-11-43_nwb_2025-08-14_10-55-50
08c59e3a-318d-4ed6-a213-afbd58cab2d8,/allen/aind/stage/hopkins_data/ZS060/mZS060d20210328/neuralynx/session/raw_data.hdf5,ecephys/neuralynx/session/raw_data.hdf5,ZS060_2021-03-28_15-27-56_nwb_2025-08-14_10-55-50
08c59e3a-318d-4ed6-a213-afbd58cab2d8,/allen/aind/stage/hopkins_data/ZS060/mZS060d20210328/neuralynx/opto/20ms/raw_data.hdf5,ecephys/neuralynx/session/opto/20ms/raw_data.hdf5,ZS060_2021-03-28_15-27-56_nwb_2025-08-14_10-55-50
5ff8ac39-61ba-4679-96eb-d28fffbef07d,/allen/aind/stage/hopkins_data/ZS060/mZS060d20210329/neuralynx/session/raw_data.hdf5,ecephys/neuralynx/session/raw_data.hdf5,ZS060_2021-03-29_16-21-37_nwb_2025-08-14_10-55-51
5ff8ac39-61ba-4679-96eb-d28fffbef07d,/allen/aind/stage/hopkins_data/ZS060/mZS060d20210329/neuralynx/opto/200ms/raw_data.hdf5,ecephys/neuralynx/session/opto/200ms/raw_data.hdf5,ZS060_2021-03-29_16-21-37_nwb_2025-08-14_10-55-51
5ff8ac39-61ba-4679-96eb-d28fffbef07d,/allen/aind/stage/hopkins_data/ZS060/mZS060d20210329/neuralynx/opto/20ms/raw_data.hdf5,ecephys/neuralynx/session/opto/20ms/raw_data.hdf5,ZS060_2021-03-29_16-21-37_nwb_2025-08-14_10-55-51
5a88bc36-e0e0-4f97-b419-d4fb75ea390e,/allen/aind/stage/hopkins_data/ZS060/mZS060d20210330/neuralynx/session/raw_data.hdf5,ecephys/neuralynx/session/raw_data.hdf5,ZS060_2021-03-30_16-13-03_nwb_2025-08-14_10-55-51
5a88bc36-e0e0-4f97-b419-d4fb75ea390e,/allen/aind/stage/hopkins_data/ZS060/mZS060d20210330/neuralynx/opto/20ms/raw_data.hdf5,ecephys/neuralynx/session/opto/20ms/raw_data.hdf5,ZS060_2021-03-30_16-13-03_nwb_2025-08-14_10-55-51
bf662e03-2a95-46ff-8933-b4dc86f30424,/allen/aind/stage/hopkins_data/ZS060/mZS060d20210407/neuralynx/session/raw_data.hdf5,ecephys/neuralynx/session/raw_data.hdf5,ZS060_2021-04-07_15-21-40_nwb_2025-08-14_10-55-50
bf662e03-2a95-46ff-8933-b4dc86f30424,/allen/aind/stage/hopkins_data/ZS060/mZS060d20210407/neuralynx/opto/20ms_1/raw_data.hdf5,ecephys/neuralynx/session/opto/20ms_1/raw_data.hdf5,ZS060_2021-04-07_15-21-40_nwb_2025-08-14_10-55-50
bf662e03-2a95-46ff-8933-b4dc86f30424,/allen/aind/stage/hopkins_data/ZS060/mZS060d20210407/neuralynx/opto/20ms_2/raw_data.hdf5,ecephys/neuralynx/session/opto/20ms_2/raw_data.hdf5,ZS060_2021-04-07_15-21-40_nwb_2025-08-14_10-55-50
ee07aeb0-4de5-45de-b98e-1e35fda85c9f,/allen/aind/stage/hopkins_data/ZS060/mZS060d20210408/neuralynx/session/raw_data.hdf5,ecephys/neuralynx/session/raw_data.hdf5,ZS060_2021-04-08_16-55-35_nwb_2025-08-14_10-55-51
ee07aeb0-4de5-45de-b98e-1e35fda85c9f,/allen/aind/stage/hopkins_data/ZS060/mZS060d20210408/neuralynx/opto/20ms_1/raw_data.hdf5,ecephys/neuralynx/session/opto/20ms_1/raw_data.hdf5,ZS060_2021-04-08_16-55-35_nwb_2025-08-14_10-55-51
ee07aeb0-4de5-45de-b98e-1e35fda85c9f,/allen/aind/stage/hopkins_data/ZS060/mZS060d20210408/neuralynx/opto/20ms_2/raw_data.hdf5,ecephys/neuralynx/session/opto/20ms_2/raw_data.hdf5,ZS060_2021-04-08_16-55-35_nwb_2025-08-14_10-55-51
07a49cd1-d22b-4fc3-bb22-6cc196bc40f2,/allen/aind/stage/hopkins_data/ZS060/mZS060d20210409/neuralynx/session/raw_data.hdf5,ecephys/neuralynx/session/raw_data.hdf5,ZS060_2021-04-09_17-07-51_nwb_2025-08-14_10-55-51
07a49cd1-d22b-4fc3-bb22-6cc196bc40f2,/allen/aind/stage/hopkins_data/ZS060/mZS060d20210409/neuralynx/opto/200ms/raw_data.hdf5,ecephys/neuralynx/session/opto/200ms/raw_data.hdf5,ZS060_2021-04-09_17-07-51_nwb_2025-08-14_10-55-51
07a49cd1-d22b-4fc3-bb22-6cc196bc40f2,/allen/aind/stage/hopkins_data/ZS060/mZS060d20210409/neuralynx/opto/20ms_1/raw_data.hdf5,ecephys/neuralynx/session/opto/20ms_1/raw_data.hdf5,ZS060_2021-04-09_17-07-51_nwb_2025-08-14_10-55-51
17faac0e-f7cb-4eea-b995-95445112a5a7,/allen/aind/stage/hopkins_data/ZS060/mZS060d20210410/neuralynx/opto/20ms_1/raw_data.hdf5,ecephys/neuralynx/session/opto/20ms_1/raw_data.hdf5,ZS060_2021-04-10_16-58-41_nwb_2025-08-14_10-55-51
61a640ca-5e83-4471-9a96-a48cb70a00ab,/allen/aind/stage/hopkins_data/ZS060/mZS060d20210411/neuralynx/opto/200ms/raw_data.hdf5,ecephys/neuralynx/session/opto/200ms/raw_data.hdf5,ZS060_2021-04-11_16-41-30_nwb_2025-08-14_10-55-50
0b3ee4f5-b4ce-4c67-b024-aa75c691a373,/allen/aind/stage/hopkins_data/ZS060/mZS060d20210412/neuralynx/opto/200ms/raw_data.hdf5,ecephys/neuralynx/session/opto/200ms/raw_data.hdf5,ZS060_2021-04-12_15-57-59_nwb_2025-08-14_10-55-50
9ba22d94-0a63-464f-aee8-cb8a82b26986,/allen/aind/stage/hopkins_data/ZS060/mZS060d20210415/neuralynx/session/raw_data.hdf5,ecephys/neuralynx/session/raw_data.hdf5,ZS060_2021-04-15_19-06-02_nwb_2025-08-14_10-55-51
9ba22d94-0a63-464f-aee8-cb8a82b26986,/allen/aind/stage/hopkins_data/ZS060/mZS060d20210415/neuralynx/opto/20ms_1/raw_data.hdf5,ecephys/neuralynx/session/opto/20ms_1/raw_data.hdf5,ZS060_2021-04-15_19-06-02_nwb_2025-08-14_10-55-51
9ba22d94-0a63-464f-aee8-cb8a82b26986,/allen/aind/stage/hopkins_data/ZS060/mZS060d20210415/neuralynx/opto/20ms_2/raw_data.hdf5,ecephys/neuralynx/session/opto/20ms_2/raw_data.hdf5,ZS060_2021-04-15_19-06-02_nwb_2025-08-14_10-55-51
4ae40447-4db5-46ca-96dd-d22ef7d26834,/allen/aind/stage/hopkins_data/ZS060/mZS060d20210416/neuralynx/session/raw_data.hdf5,ecephys/neuralynx/session/raw_data.hdf5,ZS060_2021-04-16_16-09-11_nwb_2025-08-14_10-55-50
4ae40447-4db5-46ca-96dd-d22ef7d26834,/allen/aind/stage/hopkins_data/ZS060/mZS060d20210416/neuralynx/opto/20ms_1/raw_data.hdf5,ecephys/neuralynx/session/opto/20ms_1/raw_data.hdf5,ZS060_2021-04-16_16-09-11_nwb_2025-08-14_10-55-50
ec4a821e-fa51-41e4-93c5-4127f1cb0bb3,/allen/aind/stage/hopkins_data/ZS060/mZS060d20210421/neuralynx/opto/10ms/raw_data.hdf5,ecephys/neuralynx/session/opto/10ms/raw_data.hdf5,ZS060_2021-04-21_19-23-52_nwb_2025-08-14_10-55-50
280e0d0a-9302-4661-a4e4-8321bfd0ee64,/allen/aind/stage/hopkins_data/ZS060/mZS060d20210423/neuralynx/session/raw_data.hdf5,ecephys/neuralynx/session/raw_data.hdf5,ZS060_2021-04-23_18-34-53_nwb_2025-08-14_10-55-50
280e0d0a-9302-4661-a4e4-8321bfd0ee64,/allen/aind/stage/hopkins_data/ZS060/mZS060d20210423/neuralynx/opto/10ms/raw_data.hdf5,ecephys/neuralynx/session/opto/10ms/raw_data.hdf5,ZS060_2021-04-23_18-34-53_nwb_2025-08-14_10-55-50
280e0d0a-9302-4661-a4e4-8321bfd0ee64,/allen/aind/stage/hopkins_data/ZS060/mZS060d20210423/neuralynx/opto/10ms_2/raw_data.hdf5,ecephys/neuralynx/session/opto/10ms_2/raw_data.hdf5,ZS060_2021-04-23_18-34-53_nwb_2025-08-14_10-55-50
c3641e96-9dd2-44d4-8ea2-75715aeda654,/allen/aind/stage/hopkins_data/ZS060/mZS060d20210425/neuralynx/session/raw_data.hdf5,ecephys/neuralynx/session/raw_data.hdf5,ZS060_2021-04-25_19-51-06_nwb_2025-08-14_10-55-51
c3641e96-9dd2-44d4-8ea2-75715aeda654,/allen/aind/stage/hopkins_data/ZS060/mZS060d20210425/neuralynx/opto/10ms/raw_data.hdf5,ecephys/neuralynx/session/opto/10ms/raw_data.hdf5,ZS060_2021-04-25_19-51-06_nwb_2025-08-14_10-55-51
c3641e96-9dd2-44d4-8ea2-75715aeda654,/allen/aind/stage/hopkins_data/ZS060/mZS060d20210425/neuralynx/opto/20ms/raw_data.hdf5,ecephys/neuralynx/session/opto/20ms/raw_data.hdf5,ZS060_2021-04-25_19-51-06_nwb_2025-08-14_10-55-51
4cadb72e-43b0-4234-b108-675eb4fde5a6,/allen/aind/stage/hopkins_data/ZS060/mZS060d20210426/neuralynx/session/raw_data.hdf5,ecephys/neuralynx/session/raw_data.hdf5,ZS060_2021-04-26_19-24-52_nwb_2025-08-14_10-55-51
4cadb72e-43b0-4234-b108-675eb4fde5a6,/allen/aind/stage/hopkins_data/ZS060/mZS060d20210426/neuralynx/opto/10ms/raw_data.hdf5,ecephys/neuralynx/session/opto/10ms/raw_data.hdf5,ZS060_2021-04-26_19-24-52_nwb_2025-08-14_10-55-51
cd2c5c47-1975-4814-87ee-c04c78f61d52,/allen/aind/stage/hopkins_data/ZS060/mZS060d20210427/neuralynx/opto/20ms/raw_data.hdf5,ecephys/neuralynx/session/opto/20ms/raw_data.hdf5,ZS060_2021-04-27_16-21-43_nwb_2025-08-14_10-55-51
4a2e9230-00d9-4781-858a-1b2d4a2e67b0,/allen/aind/stage/hopkins_data/ZS060/mZS060d20210428/neuralynx/session/raw_data.hdf5,ecephys/neuralynx/session/raw_data.hdf5,ZS060_2021-04-28_15-16-45_nwb_2025-08-14_10-55-51
4a2e9230-00d9-4781-858a-1b2d4a2e67b0,/allen/aind/stage/hopkins_data/ZS060/mZS060d20210428/neuralynx/opto/10ms/raw_data.hdf5,ecephys/neuralynx/session/opto/10ms/raw_data.hdf5,ZS060_2021-04-28_15-16-45_nwb_2025-08-14_10-55-51
4a2e9230-00d9-4781-858a-1b2d4a2e67b0,/allen/aind/stage/hopkins_data/ZS060/mZS060d20210428/neuralynx/opto/20ms/raw_data.hdf5,ecephys/neuralynx/session/opto/20ms/raw_data.hdf5,ZS060_2021-04-28_15-16-45_nwb_2025-08-14_10-55-51
f0544376-6543-4d5c-a0ab-0279379023be,/allen/aind/stage/hopkins_data/ZS061/mZS061d20210317/neuralynx/session/raw_data.hdf5,ecephys/neuralynx/session/raw_data.hdf5,ZS061_2021-03-17_16-00-53_nwb_2025-08-14_10-55-50
f0544376-6543-4d5c-a0ab-0279379023be,/allen/aind/stage/hopkins_data/ZS061/mZS061d20210317/neuralynx/opto/10ms_2/raw_data.hdf5,ecephys/neuralynx/session/opto/10ms_2/raw_data.hdf5,ZS061_2021-03-17_16-00-53_nwb_2025-08-14_10-55-50
f0544376-6543-4d5c-a0ab-0279379023be,/allen/aind/stage/hopkins_data/ZS061/mZS061d20210317/neuralynx/opto/200ms/raw_data.hdf5,ecephys/neuralynx/session/opto/200ms/raw_data.hdf5,ZS061_2021-03-17_16-00-53_nwb_2025-08-14_10-55-50
f4599aa0-dfa6-46ca-b87e-fd1d5133572b,/allen/aind/stage/hopkins_data/ZS061/mZS061d20210318/neuralynx/session/raw_data.hdf5,ecephys/neuralynx/session/raw_data.hdf5,ZS061_2021-03-18_17-39-19_nwb_2025-08-14_10-55-51
f4599aa0-dfa6-46ca-b87e-fd1d5133572b,/allen/aind/stage/hopkins_data/ZS061/mZS061d20210318/neuralynx/opto/10ms/raw_data.hdf5,ecephys/neuralynx/session/opto/10ms/raw_data.hdf5,ZS061_2021-03-18_17-39-19_nwb_2025-08-14_10-55-51
856e33c5-9d3a-460a-ab26-d9f4b59b5798,/allen/aind/stage/hopkins_data/ZS061/mZS061d20210319/neuralynx/session/raw_data.hdf5,ecephys/neuralynx/session/raw_data.hdf5,ZS061_2021-03-19_17-52-45_nwb_2025-08-14_10-55-51
856e33c5-9d3a-460a-ab26-d9f4b59b5798,/allen/aind/stage/hopkins_data/ZS061/mZS061d20210319/neuralynx/opto/10ms/raw_data.hdf5,ecephys/neuralynx/session/opto/10ms/raw_data.hdf5,ZS061_2021-03-19_17-52-45_nwb_2025-08-14_10-55-51
856e33c5-9d3a-460a-ab26-d9f4b59b5798,/allen/aind/stage/hopkins_data/ZS061/mZS061d20210319/neuralynx/opto/200ms/raw_data.hdf5,ecephys/neuralynx/session/opto/200ms/raw_data.hdf5,ZS061_2021-03-19_17-52-45_nwb_2025-08-14_10-55-51
856e33c5-9d3a-460a-ab26-d9f4b59b5798,/allen/aind/stage/hopkins_data/ZS061/mZS061d20210319/neuralynx/opto/200ms2/raw_data.hdf5,ecephys/neuralynx/session/opto/200ms2/raw_data.hdf5,ZS061_2021-03-19_17-52-45_nwb_2025-08-14_10-55-51
1d385e14-4b79-4113-9ae9-2ea259f62045,/allen/aind/stage/hopkins_data/ZS061/mZS061d20210320/neuralynx/session/raw_data.hdf5,ecephys/neuralynx/session/raw_data.hdf5,ZS061_2021-03-20_18-03-26_nwb_2025-08-14_10-55-51
1d385e14-4b79-4113-9ae9-2ea259f62045,/allen/aind/stage/hopkins_data/ZS061/mZS061d20210320/neuralynx/opto/10ms/raw_data.hdf5,ecephys/neuralynx/session/opto/10ms/raw_data.hdf5,ZS061_2021-03-20_18-03-26_nwb_2025-08-14_10-55-51
1d385e14-4b79-4113-9ae9-2ea259f62045,/allen/aind/stage/hopkins_data/ZS061/mZS061d20210320/neuralynx/opto/10ms_1/raw_data.hdf5,ecephys/neuralynx/session/opto/10ms_1/raw_data.hdf5,ZS061_2021-03-20_18-03-26_nwb_2025-08-14_10-55-51
1d385e14-4b79-4113-9ae9-2ea259f62045,/allen/aind/stage/hopkins_data/ZS061/mZS061d20210320/neuralynx/opto/200ms/raw_data.hdf5,ecephys/neuralynx/session/opto/200ms/raw_data.hdf5,ZS061_2021-03-20_18-03-26_nwb_2025-08-14_10-55-51
8b9a0267-e865-4dcc-92f0-f1e5d48f0ac6,/allen/aind/stage/hopkins_data/ZS061/mZS061d20210321/neuralynx/session/raw_data.hdf5,ecephys/neuralynx/session/raw_data.hdf5,ZS061_2021-03-21_17-37-00_nwb_2025-08-14_10-55-51
8b9a0267-e865-4dcc-92f0-f1e5d48f0ac6,/allen/aind/stage/hopkins_data/ZS061/mZS061d20210321/neuralynx/opto/10ms/raw_data.hdf5,ecephys/neuralynx/session/opto/10ms/raw_data.hdf5,ZS061_2021-03-21_17-37-00_nwb_2025-08-14_10-55-51
8b9a0267-e865-4dcc-92f0-f1e5d48f0ac6,/allen/aind/stage/hopkins_data/ZS061/mZS061d20210321/neuralynx/opto/10ms_2/raw_data.hdf5,ecephys/neuralynx/session/opto/10ms_2/raw_data.hdf5,ZS061_2021-03-21_17-37-00_nwb_2025-08-14_10-55-51
8b9a0267-e865-4dcc-92f0-f1e5d48f0ac6,/allen/aind/stage/hopkins_data/ZS061/mZS061d20210321/neuralynx/opto/200ms/raw_data.hdf5,ecephys/neuralynx/session/opto/200ms/raw_data.hdf5,ZS061_2021-03-21_17-37-00_nwb_2025-08-14_10-55-51
daf6a1cf-87e5-4dc9-a975-4a98e47572d9,/allen/aind/stage/hopkins_data/ZS061/mZS061d20210322/neuralynx/session/raw_data.hdf5,ecephys/neuralynx/session/raw_data.hdf5,ZS061_2021-03-22_17-35-53_nwb_2025-08-14_10-55-51
daf6a1cf-87e5-4dc9-a975-4a98e47572d9,/allen/aind/stage/hopkins_data/ZS061/mZS061d20210322/neuralynx/opto/10ms/raw_data.hdf5,ecephys/neuralynx/session/opto/10ms/raw_data.hdf5,ZS061_2021-03-22_17-35-53_nwb_2025-08-14_10-55-51
daf6a1cf-87e5-4dc9-a975-4a98e47572d9,/allen/aind/stage/hopkins_data/ZS061/mZS061d20210322/neuralynx/opto/200ms/raw_data.hdf5,ecephys/neuralynx/session/opto/200ms/raw_data.hdf5,ZS061_2021-03-22_17-35-53_nwb_2025-08-14_10-55-51
4a76ef51-178a-4e68-b479-fd9a7f672380,/allen/aind/stage/hopkins_data/ZS061/mZS061d20210323/neuralynx/session/raw_data.hdf5,ecephys/neuralynx/session/raw_data.hdf5,ZS061_2021-03-23_16-08-12_nwb_2025-08-14_10-55-50
4a76ef51-178a-4e68-b479-fd9a7f672380,/allen/aind/stage/hopkins_data/ZS061/mZS061d20210323/neuralynx/opto/10ms/raw_data.hdf5,ecephys/neuralynx/session/opto/10ms/raw_data.hdf5,ZS061_2021-03-23_16-08-12_nwb_2025-08-14_10-55-50
4a76ef51-178a-4e68-b479-fd9a7f672380,/allen/aind/stage/hopkins_data/ZS061/mZS061d20210323/neuralynx/opto/200ms/raw_data.hdf5,ecephys/neuralynx/session/opto/200ms/raw_data.hdf5,ZS061_2021-03-23_16-08-12_nwb_2025-08-14_10-55-50
f23f7bcb-f3f3-49c7-82db-8cd00c54cb22,/allen/aind/stage/hopkins_data/ZS061/mZS061d20210324/neuralynx/session/raw_data.hdf5,ecephys/neuralynx/session/raw_data.hdf5,ZS061_2021-03-24_17-24-09_nwb_2025-08-14_10-55-50
f23f7bcb-f3f3-49c7-82db-8cd00c54cb22,/allen/aind/stage/hopkins_data/ZS061/mZS061d20210324/neuralynx/opto/10ms/raw_data.hdf5,ecephys/neuralynx/session/opto/10ms/raw_data.hdf5,ZS061_2021-03-24_17-24-09_nwb_2025-08-14_10-55-50
f23f7bcb-f3f3-49c7-82db-8cd00c54cb22,/allen/aind/stage/hopkins_data/ZS061/mZS061d20210324/neuralynx/opto/10ms_1/raw_data.hdf5,ecephys/neuralynx/session/opto/10ms_1/raw_data.hdf5,ZS061_2021-03-24_17-24-09_nwb_2025-08-14_10-55-50
f23f7bcb-f3f3-49c7-82db-8cd00c54cb22,/allen/aind/stage/hopkins_data/ZS061/mZS061d20210324/neuralynx/opto/10ms_2/raw_data.hdf5,ecephys/neuralynx/session/opto/10ms_2/raw_data.hdf5,ZS061_2021-03-24_17-24-09_nwb_2025-08-14_10-55-50
f23f7bcb-f3f3-49c7-82db-8cd00c54cb22,/allen/aind/stage/hopkins_data/ZS061/mZS061d20210324/neuralynx/opto/20ms/raw_data.hdf5,ecephys/neuralynx/session/opto/20ms/raw_data.hdf5,ZS061_2021-03-24_17-24-09_nwb_2025-08-14_10-55-50
fa96e14f-f54a-4847-aec6-cf427255d74f,/allen/aind/stage/hopkins_data/ZS061/mZS061d20210325/neuralynx/session/raw_data.hdf5,ecephys/neuralynx/session/raw_data.hdf5,ZS061_2021-03-25_17-12-27_nwb_2025-08-14_10-55-50
fa96e14f-f54a-4847-aec6-cf427255d74f,/allen/aind/stage/hopkins_data/ZS061/mZS061d20210325/neuralynx/opto/10ms/raw_data.hdf5,ecephys/neuralynx/session/opto/10ms/raw_data.hdf5,ZS061_2021-03-25_17-12-27_nwb_2025-08-14_10-55-50
fa96e14f-f54a-4847-aec6-cf427255d74f,/allen/aind/stage/hopkins_data/ZS061/mZS061d20210325/neuralynx/opto/20ms/raw_data.hdf5,ecephys/neuralynx/session/opto/20ms/raw_data.hdf5,ZS061_2021-03-25_17-12-27_nwb_2025-08-14_10-55-50
fa96e14f-f54a-4847-aec6-cf427255d74f,/allen/aind/stage/hopkins_data/ZS061/mZS061d20210325/neuralynx/opto/20ms_2/raw_data.hdf5,ecephys/neuralynx/session/opto/20ms_2/raw_data.hdf5,ZS061_2021-03-25_17-12-27_nwb_2025-08-14_10-55-50
532e33f2-0118-4a28-8854-1a376d8862b0,/allen/aind/stage/hopkins_data/ZS061/mZS061d20210326/neuralynx/session/raw_data.hdf5,ecephys/neuralynx/session/raw_data.hdf5,ZS061_2021-03-26_17-28-33_nwb_2025-08-14_10-55-50
532e33f2-0118-4a28-8854-1a376d8862b0,/allen/aind/stage/hopkins_data/ZS061/mZS061d20210326/neuralynx/opto/10ms/raw_data.hdf5,ecephys/neuralynx/session/opto/10ms/raw_data.hdf5,ZS061_2021-03-26_17-28-33_nwb_2025-08-14_10-55-50
532e33f2-0118-4a28-8854-1a376d8862b0,/allen/aind/stage/hopkins_data/ZS061/mZS061d20210326/neuralynx/opto/200ms/raw_data.hdf5,ecephys/neuralynx/session/opto/200ms/raw_data.hdf5,ZS061_2021-03-26_17-28-33_nwb_2025-08-14_10-55-50
532e33f2-0118-4a28-8854-1a376d8862b0,/allen/aind/stage/hopkins_data/ZS061/mZS061d20210326/neuralynx/opto/20ms/raw_data.hdf5,ecephys/neuralynx/session/opto/20ms/raw_data.hdf5,ZS061_2021-03-26_17-28-33_nwb_2025-08-14_10-55-50
ca6f16b2-8f7b-4f00-a5f3-ac25a18eb904,/allen/aind/stage/hopkins_data/ZS061/mZS061d20210327/neuralynx/session/raw_data.hdf5,ecephys/neuralynx/session/raw_data.hdf5,ZS061_2021-03-27_18-20-45_nwb_2025-08-14_10-55-50
ca6f16b2-8f7b-4f00-a5f3-ac25a18eb904,/allen/aind/stage/hopkins_data/ZS061/mZS061d20210327/neuralynx/opto/200ms/raw_data.hdf5,ecephys/neuralynx/session/opto/200ms/raw_data.hdf5,ZS061_2021-03-27_18-20-45_nwb_2025-08-14_10-55-50
ca6f16b2-8f7b-4f00-a5f3-ac25a18eb904,/allen/aind/stage/hopkins_data/ZS061/mZS061d20210327/neuralynx/opto/20ms/raw_data.hdf5,ecephys/neuralynx/session/opto/20ms/raw_data.hdf5,ZS061_2021-03-27_18-20-45_nwb_2025-08-14_10-55-50
dc36ff5f-a617-4de1-b168-a97d9a1f11db,/allen/aind/stage/hopkins_data/ZS061/mZS061d20210328/neuralynx/session/raw_data.hdf5,ecephys/neuralynx/session/raw_data.hdf5,ZS061_2021-03-28_16-35-51_nwb_2025-08-14_10-55-51
dc36ff5f-a617-4de1-b168-a97d9a1f11db,/allen/aind/stage/hopkins_data/ZS061/mZS061d20210328/neuralynx/opto/200ms/raw_data.hdf5,ecephys/neuralynx/session/opto/200ms/raw_data.hdf5,ZS061_2021-03-28_16-35-51_nwb_2025-08-14_10-55-51
dc36ff5f-a617-4de1-b168-a97d9a1f11db,/allen/aind/stage/hopkins_data/ZS061/mZS061d20210328/neuralynx/opto/20ms/raw_data.hdf5,ecephys/neuralynx/session/opto/20ms/raw_data.hdf5,ZS061_2021-03-28_16-35-51_nwb_2025-08-14_10-55-51
cb809aed-7e90-4022-8dad-62f06cc2051c,/allen/aind/stage/hopkins_data/ZS061/mZS061d20210329/neuralynx/session/raw_data.hdf5,ecephys/neuralynx/session/raw_data.hdf5,ZS061_2021-03-29_17-48-18_nwb_2025-08-14_10-55-51
cb809aed-7e90-4022-8dad-62f06cc2051c,/allen/aind/stage/hopkins_data/ZS061/mZS061d20210329/neuralynx/opto/200ms/raw_data.hdf5,ecephys/neuralynx/session/opto/200ms/raw_data.hdf5,ZS061_2021-03-29_17-48-18_nwb_2025-08-14_10-55-51
cb809aed-7e90-4022-8dad-62f06cc2051c,/allen/aind/stage/hopkins_data/ZS061/mZS061d20210329/neuralynx/opto/20ms/raw_data.hdf5,ecephys/neuralynx/session/opto/20ms/raw_data.hdf5,ZS061_2021-03-29_17-48-18_nwb_2025-08-14_10-55-51
e8b3e27d-229f-4d73-a1b7-0f5d36c3906a,/allen/aind/stage/hopkins_data/ZS061/mZS061d20210330/neuralynx/session/raw_data.hdf5,ecephys/neuralynx/session/raw_data.hdf5,ZS061_2021-03-30_16-57-26_nwb_2025-08-14_10-55-50
e8b3e27d-229f-4d73-a1b7-0f5d36c3906a,/allen/aind/stage/hopkins_data/ZS061/mZS061d20210330/neuralynx/opto/200ms/raw_data.hdf5,ecephys/neuralynx/session/opto/200ms/raw_data.hdf5,ZS061_2021-03-30_16-57-26_nwb_2025-08-14_10-55-50
e8b3e27d-229f-4d73-a1b7-0f5d36c3906a,/allen/aind/stage/hopkins_data/ZS061/mZS061d20210330/neuralynx/opto/20ms/raw_data.hdf5,ecephys/neuralynx/session/opto/20ms/raw_data.hdf5,ZS061_2021-03-30_16-57-26_nwb_2025-08-14_10-55-50
381aef45-ead5-4df7-9f0e-7178090e66d3,/allen/aind/stage/hopkins_data/ZS061/mZS061d20210331/neuralynx/session/raw_data.hdf5,ecephys/neuralynx/session/raw_data.hdf5,ZS061_2021-03-31_17-15-48_nwb_2025-08-14_10-55-51
381aef45-ead5-4df7-9f0e-7178090e66d3,/allen/aind/stage/hopkins_data/ZS061/mZS061d20210331/neuralynx/opto/200ms/raw_data.hdf5,ecephys/neuralynx/session/opto/200ms/raw_data.hdf5,ZS061_2021-03-31_17-15-48_nwb_2025-08-14_10-55-51
381aef45-ead5-4df7-9f0e-7178090e66d3,/allen/aind/stage/hopkins_data/ZS061/mZS061d20210331/neuralynx/opto/20ms/raw_data.hdf5,ecephys/neuralynx/session/opto/20ms/raw_data.hdf5,ZS061_2021-03-31_17-15-48_nwb_2025-08-14_10-55-51
0750c396-4a35-4d01-944c-531a1b66cd93,/allen/aind/stage/hopkins_data/ZS061/mZS061d20210401/neuralynx/session/raw_data.hdf5,ecephys/neuralynx/session/raw_data.hdf5,ZS061_2021-04-01_16-38-03_nwb_2025-08-14_10-55-50
0750c396-4a35-4d01-944c-531a1b66cd93,/allen/aind/stage/hopkins_data/ZS061/mZS061d20210401/neuralynx/opto/200ms/raw_data.hdf5,ecephys/neuralynx/session/opto/200ms/raw_data.hdf5,ZS061_2021-04-01_16-38-03_nwb_2025-08-14_10-55-50
0750c396-4a35-4d01-944c-531a1b66cd93,/allen/aind/stage/hopkins_data/ZS061/mZS061d20210401/neuralynx/opto/20ms/raw_data.hdf5,ecephys/neuralynx/session/opto/20ms/raw_data.hdf5,ZS061_2021-04-01_16-38-03_nwb_2025-08-14_10-55-50
0750c396-4a35-4d01-944c-531a1b66cd93,/allen/aind/stage/hopkins_data/ZS061/mZS061d20210401/neuralynx/opto/20ms_2/raw_data.hdf5,ecephys/neuralynx/session/opto/20ms_2/raw_data.hdf5,ZS061_2021-04-01_16-38-03_nwb_2025-08-14_10-55-50
9aade5b3-d4e5-48e7-91b1-de89ebe928ff,/allen/aind/stage/hopkins_data/ZS061/mZS061d20210402/neuralynx/session/raw_data.hdf5,ecephys/neuralynx/session/raw_data.hdf5,ZS061_2021-04-02_17-53-41_nwb_2025-08-14_10-55-51
9aade5b3-d4e5-48e7-91b1-de89ebe928ff,/allen/aind/stage/hopkins_data/ZS061/mZS061d20210402/neuralynx/opto/200ms/raw_data.hdf5,ecephys/neuralynx/session/opto/200ms/raw_data.hdf5,ZS061_2021-04-02_17-53-41_nwb_2025-08-14_10-55-51
9aade5b3-d4e5-48e7-91b1-de89ebe928ff,/allen/aind/stage/hopkins_data/ZS061/mZS061d20210402/neuralynx/opto/20ms/raw_data.hdf5,ecephys/neuralynx/session/opto/20ms/raw_data.hdf5,ZS061_2021-04-02_17-53-41_nwb_2025-08-14_10-55-51
902891f6-f5d9-485f-a4cd-af6c9083e3f6,/allen/aind/stage/hopkins_data/ZS061/mZS061d20210403/neuralynx/opto/200ms/raw_data.hdf5,ecephys/neuralynx/session/opto/200ms/raw_data.hdf5,ZS061_2021-04-03_18-50-29_nwb_2025-08-14_10-55-51
902891f6-f5d9-485f-a4cd-af6c9083e3f6,/allen/aind/stage/hopkins_data/ZS061/mZS061d20210403/neuralynx/opto/20ms/raw_data.hdf5,ecephys/neuralynx/session/opto/20ms/raw_data.hdf5,ZS061_2021-04-03_18-50-29_nwb_2025-08-14_10-55-51
758f4aee-062f-46dd-a9b8-3752819937ff,/allen/aind/stage/hopkins_data/ZS061/mZS061d20210404/neuralynx/session/raw_data.hdf5,ecephys/neuralynx/session/raw_data.hdf5,ZS061_2021-04-04_17-43-18_nwb_2025-08-14_10-55-51
758f4aee-062f-46dd-a9b8-3752819937ff,/allen/aind/stage/hopkins_data/ZS061/mZS061d20210404/neuralynx/opto/200ms/raw_data.hdf5,ecephys/neuralynx/session/opto/200ms/raw_data.hdf5,ZS061_2021-04-04_17-43-18_nwb_2025-08-14_10-55-51
758f4aee-062f-46dd-a9b8-3752819937ff,/allen/aind/stage/hopkins_data/ZS061/mZS061d20210404/neuralynx/opto/20ms/raw_data.hdf5,ecephys/neuralynx/session/opto/20ms/raw_data.hdf5,ZS061_2021-04-04_17-43-18_nwb_2025-08-14_10-55-51
0f01cfa8-4598-4bb3-8043-850b67a63358,/allen/aind/stage/hopkins_data/ZS061/mZS061d20210405/neuralynx/session/raw_data.hdf5,ecephys/neuralynx/session/raw_data.hdf5,ZS061_2021-04-05_18-01-32_nwb_2025-08-14_10-55-51
0f01cfa8-4598-4bb3-8043-850b67a63358,/allen/aind/stage/hopkins_data/ZS061/mZS061d20210405/neuralynx/opto/20ms/raw_data.hdf5,ecephys/neuralynx/session/opto/20ms/raw_data.hdf5,ZS061_2021-04-05_18-01-32_nwb_2025-08-14_10-55-51
0f01cfa8-4598-4bb3-8043-850b67a63358,/allen/aind/stage/hopkins_data/ZS061/mZS061d20210405/neuralynx/opto/20ms_1/raw_data.hdf5,ecephys/neuralynx/session/opto/20ms_1/raw_data.hdf5,ZS061_2021-04-05_18-01-32_nwb_2025-08-14_10-55-51
474f01f7-a5e2-41ed-8b10-3d86441a9ae5,/allen/aind/stage/hopkins_data/ZS061/mZS061d20210406/neuralynx/session/raw_data.hdf5,ecephys/neuralynx/session/raw_data.hdf5,ZS061_2021-04-06_16-13-38_nwb_2025-08-14_10-55-51
474f01f7-a5e2-41ed-8b10-3d86441a9ae5,/allen/aind/stage/hopkins_data/ZS061/mZS061d20210406/neuralynx/opto/20ms_1/raw_data.hdf5,ecephys/neuralynx/session/opto/20ms_1/raw_data.hdf5,ZS061_2021-04-06_16-13-38_nwb_2025-08-14_10-55-51
474f01f7-a5e2-41ed-8b10-3d86441a9ae5,/allen/aind/stage/hopkins_data/ZS061/mZS061d20210406/neuralynx/opto/20ms_2/raw_data.hdf5,ecephys/neuralynx/session/opto/20ms_2/raw_data.hdf5,ZS061_2021-04-06_16-13-38_nwb_2025-08-14_10-55-51
474f01f7-a5e2-41ed-8b10-3d86441a9ae5,/allen/aind/stage/hopkins_data/ZS061/mZS061d20210406/neuralynx/opto/20ms_3/raw_data.hdf5,ecephys/neuralynx/session/opto/20ms_3/raw_data.hdf5,ZS061_2021-04-06_16-13-38_nwb_2025-08-14_10-55-51
a3cc4192-2fe9-4393-b4a8-f2c65a4a295f,/allen/aind/stage/hopkins_data/ZS061/mZS061d20210407/neuralynx/session/raw_data.hdf5,ecephys/neuralynx/session/raw_data.hdf5,ZS061_2021-04-07_16-47-22_nwb_2025-08-14_10-55-50
a3cc4192-2fe9-4393-b4a8-f2c65a4a295f,/allen/aind/stage/hopkins_data/ZS061/mZS061d20210407/neuralynx/opto/20ms_1/raw_data.hdf5,ecephys/neuralynx/session/opto/20ms_1/raw_data.hdf5,ZS061_2021-04-07_16-47-22_nwb_2025-08-14_10-55-50
a3cc4192-2fe9-4393-b4a8-f2c65a4a295f,/allen/aind/stage/hopkins_data/ZS061/mZS061d20210407/neuralynx/opto/20ms_2/raw_data.hdf5,ecephys/neuralynx/session/opto/20ms_2/raw_data.hdf5,ZS061_2021-04-07_16-47-22_nwb_2025-08-14_10-55-50
a3cc4192-2fe9-4393-b4a8-f2c65a4a295f,/allen/aind/stage/hopkins_data/ZS061/mZS061d20210407/neuralynx/opto/20ms_3/raw_data.hdf5,ecephys/neuralynx/session/opto/20ms_3/raw_data.hdf5,ZS061_2021-04-07_16-47-22_nwb_2025-08-14_10-55-50
6a4a5a2e-2e43-48c9-ad9f-285b2854d70a,/allen/aind/stage/hopkins_data/ZS061/mZS061d20210408/neuralynx/session/raw_data.hdf5,ecephys/neuralynx/session/raw_data.hdf5,ZS061_2021-04-08_18-01-30_nwb_2025-08-14_10-55-51
6a4a5a2e-2e43-48c9-ad9f-285b2854d70a,/allen/aind/stage/hopkins_data/ZS061/mZS061d20210408/neuralynx/opto/20ms_1/raw_data.hdf5,ecephys/neuralynx/session/opto/20ms_1/raw_data.hdf5,ZS061_2021-04-08_18-01-30_nwb_2025-08-14_10-55-51
6a4a5a2e-2e43-48c9-ad9f-285b2854d70a,/allen/aind/stage/hopkins_data/ZS061/mZS061d20210408/neuralynx/opto/20ms_2/raw_data.hdf5,ecephys/neuralynx/session/opto/20ms_2/raw_data.hdf5,ZS061_2021-04-08_18-01-30_nwb_2025-08-14_10-55-51
ab75a485-9db0-45a8-88c0-afa01eaa8395,/allen/aind/stage/hopkins_data/ZS061/mZS061d20210409/neuralynx/session/raw_data.hdf5,ecephys/neuralynx/session/raw_data.hdf5,ZS061_2021-04-09_18-19-29_nwb_2025-08-14_10-55-50
ab75a485-9db0-45a8-88c0-afa01eaa8395,/allen/aind/stage/hopkins_data/ZS061/mZS061d20210409/neuralynx/opto/20ms_1/raw_data.hdf5,ecephys/neuralynx/session/opto/20ms_1/raw_data.hdf5,ZS061_2021-04-09_18-19-29_nwb_2025-08-14_10-55-50
ab75a485-9db0-45a8-88c0-afa01eaa8395,/allen/aind/stage/hopkins_data/ZS061/mZS061d20210409/neuralynx/opto/20ms_2/raw_data.hdf5,ecephys/neuralynx/session/opto/20ms_2/raw_data.hdf5,ZS061_2021-04-09_18-19-29_nwb_2025-08-14_10-55-50
ab75a485-9db0-45a8-88c0-afa01eaa8395,/allen/aind/stage/hopkins_data/ZS061/mZS061d20210409/neuralynx/opto/20ms_3/raw_data.hdf5,ecephys/neuralynx/session/opto/20ms_3/raw_data.hdf5,ZS061_2021-04-09_18-19-29_nwb_2025-08-14_10-55-50
971bf14f-4968-4d1f-bb8f-403dfcc8f783,/allen/aind/stage/hopkins_data/ZS061/mZS061d20210410/neuralynx/session/raw_data.hdf5,ecephys/neuralynx/session/raw_data.hdf5,ZS061_2021-04-10_18-01-14_nwb_2025-08-14_10-55-51
971bf14f-4968-4d1f-bb8f-403dfcc8f783,/allen/aind/stage/hopkins_data/ZS061/mZS061d20210410/neuralynx/opto/200ms/raw_data.hdf5,ecephys/neuralynx/session/opto/200ms/raw_data.hdf5,ZS061_2021-04-10_18-01-14_nwb_2025-08-14_10-55-51
971bf14f-4968-4d1f-bb8f-403dfcc8f783,/allen/aind/stage/hopkins_data/ZS061/mZS061d20210410/neuralynx/opto/20ms_1/raw_data.hdf5,ecephys/neuralynx/session/opto/20ms_1/raw_data.hdf5,ZS061_2021-04-10_18-01-14_nwb_2025-08-14_10-55-51
971bf14f-4968-4d1f-bb8f-403dfcc8f783,/allen/aind/stage/hopkins_data/ZS061/mZS061d20210410/neuralynx/opto/20ms_2/raw_data.hdf5,ecephys/neuralynx/session/opto/20ms_2/raw_data.hdf5,ZS061_2021-04-10_18-01-14_nwb_2025-08-14_10-55-51
971bf14f-4968-4d1f-bb8f-403dfcc8f783,/allen/aind/stage/hopkins_data/ZS061/mZS061d20210410/neuralynx/opto/20ms_3/raw_data.hdf5,ecephys/neuralynx/session/opto/20ms_3/raw_data.hdf5,ZS061_2021-04-10_18-01-14_nwb_2025-08-14_10-55-51
971bf14f-4968-4d1f-bb8f-403dfcc8f783,/allen/aind/stage/hopkins_data/ZS061/mZS061d20210410/neuralynx/opto/20ms_4/raw_data.hdf5,ecephys/neuralynx/session/opto/20ms_4/raw_data.hdf5,ZS061_2021-04-10_18-01-14_nwb_2025-08-14_10-55-51
83b5d0ac-2702-49d2-a014-5ce56a5055b0,/allen/aind/stage/hopkins_data/ZS061/mZS061d20210411/neuralynx/session/raw_data.hdf5,ecephys/neuralynx/session/raw_data.hdf5,ZS061_2021-04-11_17-44-56_nwb_2025-08-14_10-55-51
83b5d0ac-2702-49d2-a014-5ce56a5055b0,/allen/aind/stage/hopkins_data/ZS061/mZS061d20210411/neuralynx/opto/20ms_1/raw_data.hdf5,ecephys/neuralynx/session/opto/20ms_1/raw_data.hdf5,ZS061_2021-04-11_17-44-56_nwb_2025-08-14_10-55-51
83b5d0ac-2702-49d2-a014-5ce56a5055b0,/allen/aind/stage/hopkins_data/ZS061/mZS061d20210411/neuralynx/opto/20ms_2/raw_data.hdf5,ecephys/neuralynx/session/opto/20ms_2/raw_data.hdf5,ZS061_2021-04-11_17-44-56_nwb_2025-08-14_10-55-51
83b5d0ac-2702-49d2-a014-5ce56a5055b0,/allen/aind/stage/hopkins_data/ZS061/mZS061d20210411/neuralynx/opto/20ms_3/raw_data.hdf5,ecephys/neuralynx/session/opto/20ms_3/raw_data.hdf5,ZS061_2021-04-11_17-44-56_nwb_2025-08-14_10-55-51
162fa7a8-7471-4dea-b5f0-1c4fd8c58c2c,/allen/aind/stage/hopkins_data/ZS061/mZS061d20210412/neuralynx/session/raw_data.hdf5,ecephys/neuralynx/session/raw_data.hdf5,ZS061_2021-04-12_17-26-54_nwb_2025-08-14_10-55-51
162fa7a8-7471-4dea-b5f0-1c4fd8c58c2c,/allen/aind/stage/hopkins_data/ZS061/mZS061d20210412/neuralynx/opto/20ms_1/raw_data.hdf5,ecephys/neuralynx/session/opto/20ms_1/raw_data.hdf5,ZS061_2021-04-12_17-26-54_nwb_2025-08-14_10-55-51
162fa7a8-7471-4dea-b5f0-1c4fd8c58c2c,/allen/aind/stage/hopkins_data/ZS061/mZS061d20210412/neuralynx/opto/20ms_2/raw_data.hdf5,ecephys/neuralynx/session/opto/20ms_2/raw_data.hdf5,ZS061_2021-04-12_17-26-54_nwb_2025-08-14_10-55-51
98443ff4-e024-4533-8cec-fe3a23a0b607,/allen/aind/stage/hopkins_data/ZS061/mZS061d20210413/neuralynx/session/raw_data.hdf5,ecephys/neuralynx/session/raw_data.hdf5,ZS061_2021-04-13_18-14-05_nwb_2025-08-14_10-55-51
98443ff4-e024-4533-8cec-fe3a23a0b607,/allen/aind/stage/hopkins_data/ZS061/mZS061d20210413/neuralynx/opto/20ms_1/raw_data.hdf5,ecephys/neuralynx/session/opto/20ms_1/raw_data.hdf5,ZS061_2021-04-13_18-14-05_nwb_2025-08-14_10-55-51
98443ff4-e024-4533-8cec-fe3a23a0b607,/allen/aind/stage/hopkins_data/ZS061/mZS061d20210413/neuralynx/opto/20ms_2/raw_data.hdf5,ecephys/neuralynx/session/opto/20ms_2/raw_data.hdf5,ZS061_2021-04-13_18-14-05_nwb_2025-08-14_10-55-51
98443ff4-e024-4533-8cec-fe3a23a0b607,/allen/aind/stage/hopkins_data/ZS061/mZS061d20210413/neuralynx/opto/20ms_3/raw_data.hdf5,ecephys/neuralynx/session/opto/20ms_3/raw_data.hdf5,ZS061_2021-04-13_18-14-05_nwb_2025-08-14_10-55-51
4b45e774-69a9-41ed-87f5-959375bd3875,/allen/aind/stage/hopkins_data/ZS061/mZS061d20210414/neuralynx/session/raw_data.hdf5,ecephys/neuralynx/session/raw_data.hdf5,ZS061_2021-04-14_16-04-22_nwb_2025-08-14_10-55-51
4b45e774-69a9-41ed-87f5-959375bd3875,/allen/aind/stage/hopkins_data/ZS061/mZS061d20210414/neuralynx/opto/20ms_1/raw_data.hdf5,ecephys/neuralynx/session/opto/20ms_1/raw_data.hdf5,ZS061_2021-04-14_16-04-22_nwb_2025-08-14_10-55-51
4b45e774-69a9-41ed-87f5-959375bd3875,/allen/aind/stage/hopkins_data/ZS061/mZS061d20210414/neuralynx/opto/20ms_2/raw_data.hdf5,ecephys/neuralynx/session/opto/20ms_2/raw_data.hdf5,ZS061_2021-04-14_16-04-22_nwb_2025-08-14_10-55-51
a1e4f8ab-ecbf-479c-abdc-05649f441f42,/allen/aind/stage/hopkins_data/ZS061/mZS061d20210415/neuralynx/session/raw_data.hdf5,ecephys/neuralynx/session/raw_data.hdf5,ZS061_2021-04-15_16-45-44_nwb_2025-08-14_10-55-50
a1e4f8ab-ecbf-479c-abdc-05649f441f42,/allen/aind/stage/hopkins_data/ZS061/mZS061d20210415/neuralynx/opto/20ms_1/raw_data.hdf5,ecephys/neuralynx/session/opto/20ms_1/raw_data.hdf5,ZS061_2021-04-15_16-45-44_nwb_2025-08-14_10-55-50
a1e4f8ab-ecbf-479c-abdc-05649f441f42,/allen/aind/stage/hopkins_data/ZS061/mZS061d20210415/neuralynx/opto/20ms_2/raw_data.hdf5,ecephys/neuralynx/session/opto/20ms_2/raw_data.hdf5,ZS061_2021-04-15_16-45-44_nwb_2025-08-14_10-55-50
6225b231-23e4-49ff-8d0c-94a79c2e043f,/allen/aind/stage/hopkins_data/ZS061/mZS061d20210416/neuralynx/session/raw_data.hdf5,ecephys/neuralynx/session/raw_data.hdf5,ZS061_2021-04-16_17-08-59_nwb_2025-08-14_10-55-51
6225b231-23e4-49ff-8d0c-94a79c2e043f,/allen/aind/stage/hopkins_data/ZS061/mZS061d20210416/neuralynx/opto/10ms/raw_data.hdf5,ecephys/neuralynx/session/opto/10ms/raw_data.hdf5,ZS061_2021-04-16_17-08-59_nwb_2025-08-14_10-55-51
6225b231-23e4-49ff-8d0c-94a79c2e043f,/allen/aind/stage/hopkins_data/ZS061/mZS061d20210416/neuralynx/opto/20ms_1/raw_data.hdf5,ecephys/neuralynx/session/opto/20ms_1/raw_data.hdf5,ZS061_2021-04-16_17-08-59_nwb_2025-08-14_10-55-51
4e0fbf95-0129-42b1-b977-4273468a89c5,/allen/aind/stage/hopkins_data/ZS061/mZS061d20210417/neuralynx/session/raw_data.hdf5,ecephys/neuralynx/session/raw_data.hdf5,ZS061_2021-04-17_16-50-25_nwb_2025-08-14_10-55-51
4e0fbf95-0129-42b1-b977-4273468a89c5,/allen/aind/stage/hopkins_data/ZS061/mZS061d20210417/neuralynx/opto/10ms/raw_data.hdf5,ecephys/neuralynx/session/opto/10ms/raw_data.hdf5,ZS061_2021-04-17_16-50-25_nwb_2025-08-14_10-55-51
4e0fbf95-0129-42b1-b977-4273468a89c5,/allen/aind/stage/hopkins_data/ZS061/mZS061d20210417/neuralynx/opto/20ms_1/raw_data.hdf5,ecephys/neuralynx/session/opto/20ms_1/raw_data.hdf5,ZS061_2021-04-17_16-50-25_nwb_2025-08-14_10-55-51
9960848b-a798-4543-9492-2379360aecbb,/allen/aind/stage/hopkins_data/ZS061/mZS061d20210418/neuralynx/session/raw_data.hdf5,ecephys/neuralynx/session/raw_data.hdf5,ZS061_2021-04-18_18-32-58_nwb_2025-08-14_10-55-50
9960848b-a798-4543-9492-2379360aecbb,/allen/aind/stage/hopkins_data/ZS061/mZS061d20210418/neuralynx/opto/10ms/raw_data.hdf5,ecephys/neuralynx/session/opto/10ms/raw_data.hdf5,ZS061_2021-04-18_18-32-58_nwb_2025-08-14_10-55-50
9960848b-a798-4543-9492-2379360aecbb,/allen/aind/stage/hopkins_data/ZS061/mZS061d20210418/neuralynx/opto/20ms_1/raw_data.hdf5,ecephys/neuralynx/session/opto/20ms_1/raw_data.hdf5,ZS061_2021-04-18_18-32-58_nwb_2025-08-14_10-55-50
f0d2aadf-454e-4dcd-9cbf-bacb5ff25e62,/allen/aind/stage/hopkins_data/ZS061/mZS061d20210419/neuralynx/session/raw_data.hdf5,ecephys/neuralynx/session/raw_data.hdf5,ZS061_2021-04-19_18-31-40_nwb_2025-08-14_10-55-50
f0d2aadf-454e-4dcd-9cbf-bacb5ff25e62,/allen/aind/stage/hopkins_data/ZS061/mZS061d20210419/neuralynx/opto/10ms/raw_data.hdf5,ecephys/neuralynx/session/opto/10ms/raw_data.hdf5,ZS061_2021-04-19_18-31-40_nwb_2025-08-14_10-55-50
f0d2aadf-454e-4dcd-9cbf-bacb5ff25e62,/allen/aind/stage/hopkins_data/ZS061/mZS061d20210419/neuralynx/opto/20ms_1/raw_data.hdf5,ecephys/neuralynx/session/opto/20ms_1/raw_data.hdf5,ZS061_2021-04-19_18-31-40_nwb_2025-08-14_10-55-50
76290f71-2d05-43fd-9359-7b5e27d9b976,/allen/aind/stage/hopkins_data/ZS061/mZS061d20210420/neuralynx/session/raw_data.hdf5,ecephys/neuralynx/session/raw_data.hdf5,ZS061_2021-04-20_15-49-57_nwb_2025-08-14_10-55-50
76290f71-2d05-43fd-9359-7b5e27d9b976,/allen/aind/stage/hopkins_data/ZS061/mZS061d20210420/neuralynx/opto/10ms/raw_data.hdf5,ecephys/neuralynx/session/opto/10ms/raw_data.hdf5,ZS061_2021-04-20_15-49-57_nwb_2025-08-14_10-55-50
bd6279aa-38a0-4773-8404-0e0ced06375b,/allen/aind/stage/hopkins_data/ZS061/mZS061d20210421/neuralynx/session/raw_data.hdf5,ecephys/neuralynx/session/raw_data.hdf5,ZS061_2021-04-21_17-03-09_nwb_2025-08-14_10-55-51
bd6279aa-38a0-4773-8404-0e0ced06375b,/allen/aind/stage/hopkins_data/ZS061/mZS061d20210421/neuralynx/opto/10ms/raw_data.hdf5,ecephys/neuralynx/session/opto/10ms/raw_data.hdf5,ZS061_2021-04-21_17-03-09_nwb_2025-08-14_10-55-51
cb9d126f-57f3-43b5-b7fc-2156b4877e8f,/allen/aind/stage/hopkins_data/ZS061/mZS061d20210422/neuralynx/opto/10ms/raw_data.hdf5,ecephys/neuralynx/session/opto/10ms/raw_data.hdf5,ZS061_2021-04-22_16-25-00_nwb_2025-08-14_10-55-50
cb9d126f-57f3-43b5-b7fc-2156b4877e8f,/allen/aind/stage/hopkins_data/ZS061/mZS061d20210422/neuralynx/opto/10ms_2/raw_data.hdf5,ecephys/neuralynx/session/opto/10ms_2/raw_data.hdf5,ZS061_2021-04-22_16-25-00_nwb_2025-08-14_10-55-50
0a82d72f-595e-4225-ab12-da7d144c646f,/allen/aind/stage/hopkins_data/ZS061/mZS061d20210423/neuralynx/session/raw_data.hdf5,ecephys/neuralynx/session/raw_data.hdf5,ZS061_2021-04-23_16-13-13_nwb_2025-08-14_10-55-51
0a82d72f-595e-4225-ab12-da7d144c646f,/allen/aind/stage/hopkins_data/ZS061/mZS061d20210423/neuralynx/opto/10ms/raw_data.hdf5,ecephys/neuralynx/session/opto/10ms/raw_data.hdf5,ZS061_2021-04-23_16-13-13_nwb_2025-08-14_10-55-51
0a82d72f-595e-4225-ab12-da7d144c646f,/allen/aind/stage/hopkins_data/ZS061/mZS061d20210423/neuralynx/opto/20ms/raw_data.hdf5,ecephys/neuralynx/session/opto/20ms/raw_data.hdf5,ZS061_2021-04-23_16-13-13_nwb_2025-08-14_10-55-51
0a82d72f-595e-4225-ab12-da7d144c646f,/allen/aind/stage/hopkins_data/ZS061/mZS061d20210423/neuralynx/opto/20ms_1/raw_data.hdf5,ecephys/neuralynx/session/opto/20ms_1/raw_data.hdf5,ZS061_2021-04-23_16-13-13_nwb_2025-08-14_10-55-51
479c062c-4e24-45c5-baac-a98221440580,/allen/aind/stage/hopkins_data/ZS061/mZS061d20210424/neuralynx/session/raw_data.hdf5,ecephys/neuralynx/session/raw_data.hdf5,ZS061_2021-04-24_16-48-52_nwb_2025-08-14_10-55-51
479c062c-4e24-45c5-baac-a98221440580,/allen/aind/stage/hopkins_data/ZS061/mZS061d20210424/neuralynx/opto/10ms/raw_data.hdf5,ecephys/neuralynx/session/opto/10ms/raw_data.hdf5,ZS061_2021-04-24_16-48-52_nwb_2025-08-14_10-55-51
479c062c-4e24-45c5-baac-a98221440580,/allen/aind/stage/hopkins_data/ZS061/mZS061d20210424/neuralynx/opto/20ms/raw_data.hdf5,ecephys/neuralynx/session/opto/20ms/raw_data.hdf5,ZS061_2021-04-24_16-48-52_nwb_2025-08-14_10-55-51
314f1301-57d3-4f4c-8b44-5ecc516ff9bc,/allen/aind/stage/hopkins_data/ZS061/mZS061d20210425/neuralynx/session/raw_data.hdf5,ecephys/neuralynx/session/raw_data.hdf5,ZS061_2021-04-25_17-45-36_nwb_2025-08-14_10-55-51
314f1301-57d3-4f4c-8b44-5ecc516ff9bc,/allen/aind/stage/hopkins_data/ZS061/mZS061d20210425/neuralynx/opto/10ms/raw_data.hdf5,ecephys/neuralynx/session/opto/10ms/raw_data.hdf5,ZS061_2021-04-25_17-45-36_nwb_2025-08-14_10-55-51
314f1301-57d3-4f4c-8b44-5ecc516ff9bc,/allen/aind/stage/hopkins_data/ZS061/mZS061d20210425/neuralynx/opto/20ms/raw_data.hdf5,ecephys/neuralynx/session/opto/20ms/raw_data.hdf5,ZS061_2021-04-25_17-45-36_nwb_2025-08-14_10-55-51
3fde318b-be51-451f-b866-2f2bfb558b71,/allen/aind/stage/hopkins_data/ZS061/mZS061d20210426/neuralynx/session/raw_data.hdf5,ecephys/neuralynx/session/raw_data.hdf5,ZS061_2021-04-26_18-08-01_nwb_2025-08-14_10-55-51
3fde318b-be51-451f-b866-2f2bfb558b71,/allen/aind/stage/hopkins_data/ZS061/mZS061d20210426/neuralynx/opto/10ms/raw_data.hdf5,ecephys/neuralynx/session/opto/10ms/raw_data.hdf5,ZS061_2021-04-26_18-08-01_nwb_2025-08-14_10-55-51
3fde318b-be51-451f-b866-2f2bfb558b71,/allen/aind/stage/hopkins_data/ZS061/mZS061d20210426/neuralynx/opto/20ms/raw_data.hdf5,ecephys/neuralynx/session/opto/20ms/raw_data.hdf5,ZS061_2021-04-26_18-08-01_nwb_2025-08-14_10-55-51
d379100b-eb0e-4021-adb8-b981f14f43c0,/allen/aind/stage/hopkins_data/ZS061/mZS061d20210427/neuralynx/session/raw_data.hdf5,ecephys/neuralynx/session/raw_data.hdf5,ZS061_2021-04-27_18-19-52_nwb_2025-08-14_10-55-51
d379100b-eb0e-4021-adb8-b981f14f43c0,/allen/aind/stage/hopkins_data/ZS061/mZS061d20210427/neuralynx/opto/10ms/raw_data.hdf5,ecephys/neuralynx/session/opto/10ms/raw_data.hdf5,ZS061_2021-04-27_18-19-52_nwb_2025-08-14_10-55-51
5dbd27e6-e2f9-44a4-8d9d-45f5ee1ec2a8,/allen/aind/stage/hopkins_data/ZS061/mZS061d20210428/neuralynx/session/raw_data.hdf5,ecephys/neuralynx/session/raw_data.hdf5,ZS061_2021-04-28_16-35-50_nwb_2025-08-14_10-55-51
5dbd27e6-e2f9-44a4-8d9d-45f5ee1ec2a8,/allen/aind/stage/hopkins_data/ZS061/mZS061d20210428/neuralynx/opto/10ms/raw_data.hdf5,ecephys/neuralynx/session/opto/10ms/raw_data.hdf5,ZS061_2021-04-28_16-35-50_nwb_2025-08-14_10-55-51
5dbd27e6-e2f9-44a4-8d9d-45f5ee1ec2a8,/allen/aind/stage/hopkins_data/ZS061/mZS061d20210428/neuralynx/opto/20ms/raw_data.hdf5,ecephys/neuralynx/session/opto/20ms/raw_data.hdf5,ZS061_2021-04-28_16-35-50_nwb_2025-08-14_10-55-51
a5694d23-8e9f-42f3-aa4c-e0b831c0f836,/allen/aind/stage/hopkins_data/ZS061/mZS061d20210429/neuralynx/session/raw_data.hdf5,ecephys/neuralynx/session/raw_data.hdf5,ZS061_2021-04-29_16-18-51_nwb_2025-08-14_10-55-51
a5694d23-8e9f-42f3-aa4c-e0b831c0f836,/allen/aind/stage/hopkins_data/ZS061/mZS061d20210429/neuralynx/opto/20ms/raw_data.hdf5,ecephys/neuralynx/session/opto/20ms/raw_data.hdf5,ZS061_2021-04-29_16-18-51_nwb_2025-08-14_10-55-51
a5694d23-8e9f-42f3-aa4c-e0b831c0f836,/allen/aind/stage/hopkins_data/ZS061/mZS061d20210429/neuralynx/opto/20ms_2/raw_data.hdf5,ecephys/neuralynx/session/opto/20ms_2/raw_data.hdf5,ZS061_2021-04-29_16-18-51_nwb_2025-08-14_10-55-51
2f6d1bb1-4af3-4934-8e33-b6d295810f78,/allen/aind/stage/hopkins_data/ZS061/mZS061d20210430/neuralynx/session/raw_data.hdf5,ecephys/neuralynx/session/raw_data.hdf5,ZS061_2021-04-30_17-06-18_nwb_2025-08-14_10-55-51
2f6d1bb1-4af3-4934-8e33-b6d295810f78,/allen/aind/stage/hopkins_data/ZS061/mZS061d20210430/neuralynx/opto/10ms/raw_data.hdf5,ecephys/neuralynx/session/opto/10ms/raw_data.hdf5,ZS061_2021-04-30_17-06-18_nwb_2025-08-14_10-55-51
2f6d1bb1-4af3-4934-8e33-b6d295810f78,/allen/aind/stage/hopkins_data/ZS061/mZS061d20210430/neuralynx/opto/20ms/raw_data.hdf5,ecephys/neuralynx/session/opto/20ms/raw_data.hdf5,ZS061_2021-04-30_17-06-18_nwb_2025-08-14_10-55-51
5d4bb99f-f63c-441b-9bbd-e35fe9002909,/allen/aind/stage/hopkins_data/ZS061/mZS061d20210501/neuralynx/session/raw_data.hdf5,ecephys/neuralynx/session/raw_data.hdf5,ZS061_2021-05-01_18-28-14_nwb_2025-08-14_10-55-50
5d4bb99f-f63c-441b-9bbd-e35fe9002909,/allen/aind/stage/hopkins_data/ZS061/mZS061d20210501/neuralynx/opto/10ms/raw_data.hdf5,ecephys/neuralynx/session/opto/10ms/raw_data.hdf5,ZS061_2021-05-01_18-28-14_nwb_2025-08-14_10-55-50
5d4bb99f-f63c-441b-9bbd-e35fe9002909,/allen/aind/stage/hopkins_data/ZS061/mZS061d20210501/neuralynx/opto/20ms/raw_data.hdf5,ecephys/neuralynx/session/opto/20ms/raw_data.hdf5,ZS061_2021-05-01_18-28-14_nwb_2025-08-14_10-55-50
92e8ad21-1b93-490f-8d58-215af72f9893,/allen/aind/stage/hopkins_data/ZS062/mZS062d20210324/neuralynx/session/raw_data.hdf5,ecephys/neuralynx/session/raw_data.hdf5,ZS062_2021-03-24_18-52-34_nwb_2025-08-14_10-55-50
92e8ad21-1b93-490f-8d58-215af72f9893,/allen/aind/stage/hopkins_data/ZS062/mZS062d20210324/neuralynx/opto/10ms_1/raw_data.hdf5,ecephys/neuralynx/session/opto/10ms_1/raw_data.hdf5,ZS062_2021-03-24_18-52-34_nwb_2025-08-14_10-55-50
92e8ad21-1b93-490f-8d58-215af72f9893,/allen/aind/stage/hopkins_data/ZS062/mZS062d20210324/neuralynx/opto/10ms_2/raw_data.hdf5,ecephys/neuralynx/session/opto/10ms_2/raw_data.hdf5,ZS062_2021-03-24_18-52-34_nwb_2025-08-14_10-55-50
92e8ad21-1b93-490f-8d58-215af72f9893,/allen/aind/stage/hopkins_data/ZS062/mZS062d20210324/neuralynx/opto/200ms/raw_data.hdf5,ecephys/neuralynx/session/opto/200ms/raw_data.hdf5,ZS062_2021-03-24_18-52-34_nwb_2025-08-14_10-55-50
a2933605-ba7e-44b1-b9c9-8fe82a89cf58,/allen/aind/stage/hopkins_data/ZS062/mZS062d20210325/neuralynx/session/raw_data.hdf5,ecephys/neuralynx/session/raw_data.hdf5,ZS062_2021-03-25_18-44-20_nwb_2025-08-14_10-55-50
a2933605-ba7e-44b1-b9c9-8fe82a89cf58,/allen/aind/stage/hopkins_data/ZS062/mZS062d20210325/neuralynx/opto/10ms/raw_data.hdf5,ecephys/neuralynx/session/opto/10ms/raw_data.hdf5,ZS062_2021-03-25_18-44-20_nwb_2025-08-14_10-55-50
a2933605-ba7e-44b1-b9c9-8fe82a89cf58,/allen/aind/stage/hopkins_data/ZS062/mZS062d20210325/neuralynx/opto/20ms/raw_data.hdf5,ecephys/neuralynx/session/opto/20ms/raw_data.hdf5,ZS062_2021-03-25_18-44-20_nwb_2025-08-14_10-55-50
3eb635de-dfa7-43c0-bddd-2fcbfe3cd96f,/allen/aind/stage/hopkins_data/ZS062/mZS062d20210326/neuralynx/session/raw_data.hdf5,ecephys/neuralynx/session/raw_data.hdf5,ZS062_2021-03-26_18-45-54_nwb_2025-08-14_10-55-51
3eb635de-dfa7-43c0-bddd-2fcbfe3cd96f,/allen/aind/stage/hopkins_data/ZS062/mZS062d20210326/neuralynx/opto/10ms/raw_data.hdf5,ecephys/neuralynx/session/opto/10ms/raw_data.hdf5,ZS062_2021-03-26_18-45-54_nwb_2025-08-14_10-55-51
3eb635de-dfa7-43c0-bddd-2fcbfe3cd96f,/allen/aind/stage/hopkins_data/ZS062/mZS062d20210326/neuralynx/opto/200ms/raw_data.hdf5,ecephys/neuralynx/session/opto/200ms/raw_data.hdf5,ZS062_2021-03-26_18-45-54_nwb_2025-08-14_10-55-51
3eb635de-dfa7-43c0-bddd-2fcbfe3cd96f,/allen/aind/stage/hopkins_data/ZS062/mZS062d20210326/neuralynx/opto/20ms/raw_data.hdf5,ecephys/neuralynx/session/opto/20ms/raw_data.hdf5,ZS062_2021-03-26_18-45-54_nwb_2025-08-14_10-55-51
8b6c5583-5a2e-48f2-ba48-168045589ece,/allen/aind/stage/hopkins_data/ZS062/mZS062d20210327/neuralynx/session/raw_data.hdf5,ecephys/neuralynx/session/raw_data.hdf5,ZS062_2021-03-27_19-15-29_nwb_2025-08-14_10-55-51
8b6c5583-5a2e-48f2-ba48-168045589ece,/allen/aind/stage/hopkins_data/ZS062/mZS062d20210327/neuralynx/opto/200ms/raw_data.hdf5,ecephys/neuralynx/session/opto/200ms/raw_data.hdf5,ZS062_2021-03-27_19-15-29_nwb_2025-08-14_10-55-51
8b6c5583-5a2e-48f2-ba48-168045589ece,/allen/aind/stage/hopkins_data/ZS062/mZS062d20210327/neuralynx/opto/20ms/raw_data.hdf5,ecephys/neuralynx/session/opto/20ms/raw_data.hdf5,ZS062_2021-03-27_19-15-29_nwb_2025-08-14_10-55-51
8cfe89a2-6c39-4760-ac3f-b03df68b2cc7,/allen/aind/stage/hopkins_data/ZS062/mZS062d20210328/neuralynx/session/raw_data.hdf5,ecephys/neuralynx/session/raw_data.hdf5,ZS062_2021-03-28_17-40-42_nwb_2025-08-14_10-55-50
8cfe89a2-6c39-4760-ac3f-b03df68b2cc7,/allen/aind/stage/hopkins_data/ZS062/mZS062d20210328/neuralynx/opto/200ms/raw_data.hdf5,ecephys/neuralynx/session/opto/200ms/raw_data.hdf5,ZS062_2021-03-28_17-40-42_nwb_2025-08-14_10-55-50
8cfe89a2-6c39-4760-ac3f-b03df68b2cc7,/allen/aind/stage/hopkins_data/ZS062/mZS062d20210328/neuralynx/opto/20ms/raw_data.hdf5,ecephys/neuralynx/session/opto/20ms/raw_data.hdf5,ZS062_2021-03-28_17-40-42_nwb_2025-08-14_10-55-50
2c79f560-10b9-4b5d-966f-e964124145be,/allen/aind/stage/hopkins_data/ZS062/mZS062d20210329/neuralynx/opto/20ms/raw_data.hdf5,ecephys/neuralynx/session/opto/20ms/raw_data.hdf5,ZS062_2021-03-29_18-50-00_nwb_2025-08-14_10-55-51
cb6b4df0-a9c9-40ac-99cc-5ea4c012d694,/allen/aind/stage/hopkins_data/ZS062/mZS062d20210330/neuralynx/opto/200ms/raw_data.hdf5,ecephys/neuralynx/session/opto/200ms/raw_data.hdf5,ZS062_2021-03-30_18-30-24_nwb_2025-08-14_10-55-51
cb6b4df0-a9c9-40ac-99cc-5ea4c012d694,/allen/aind/stage/hopkins_data/ZS062/mZS062d20210330/neuralynx/opto/20ms/raw_data.hdf5,ecephys/neuralynx/session/opto/20ms/raw_data.hdf5,ZS062_2021-03-30_18-30-24_nwb_2025-08-14_10-55-51
24ab2312-4f19-4a82-8d27-5b947b4d0b9e,/allen/aind/stage/hopkins_data/ZS062/mZS062d20210331/neuralynx/session/raw_data.hdf5,ecephys/neuralynx/session/raw_data.hdf5,ZS062_2021-03-31_18-40-52_nwb_2025-08-14_10-55-51
24ab2312-4f19-4a82-8d27-5b947b4d0b9e,/allen/aind/stage/hopkins_data/ZS062/mZS062d20210331/neuralynx/opto/200ms/raw_data.hdf5,ecephys/neuralynx/session/opto/200ms/raw_data.hdf5,ZS062_2021-03-31_18-40-52_nwb_2025-08-14_10-55-51
04fcee09-645c-452b-8bfe-ad6ad7df5fd6,/allen/aind/stage/hopkins_data/ZS062/mZS062d20210401/neuralynx/session/raw_data.hdf5,ecephys/neuralynx/session/raw_data.hdf5,ZS062_2021-04-01_17-49-36_nwb_2025-08-14_10-55-51
04fcee09-645c-452b-8bfe-ad6ad7df5fd6,/allen/aind/stage/hopkins_data/ZS062/mZS062d20210401/neuralynx/opto/200ms/raw_data.hdf5,ecephys/neuralynx/session/opto/200ms/raw_data.hdf5,ZS062_2021-04-01_17-49-36_nwb_2025-08-14_10-55-51
04fcee09-645c-452b-8bfe-ad6ad7df5fd6,/allen/aind/stage/hopkins_data/ZS062/mZS062d20210401/neuralynx/opto/20ms/raw_data.hdf5,ecephys/neuralynx/session/opto/20ms/raw_data.hdf5,ZS062_2021-04-01_17-49-36_nwb_2025-08-14_10-55-51
04fcee09-645c-452b-8bfe-ad6ad7df5fd6,/allen/aind/stage/hopkins_data/ZS062/mZS062d20210401/neuralynx/opto/20ms_2/raw_data.hdf5,ecephys/neuralynx/session/opto/20ms_2/raw_data.hdf5,ZS062_2021-04-01_17-49-36_nwb_2025-08-14_10-55-51
5ad6a2fe-c1f0-4fc2-af43-e3d8a7cc0826,/allen/aind/stage/hopkins_data/ZS062/mZS062d20210402/neuralynx/session/raw_data.hdf5,ecephys/neuralynx/session/raw_data.hdf5,ZS062_2021-04-02_19-08-52_nwb_2025-08-14_10-55-50
5ad6a2fe-c1f0-4fc2-af43-e3d8a7cc0826,/allen/aind/stage/hopkins_data/ZS062/mZS062d20210402/neuralynx/opto/200ms/raw_data.hdf5,ecephys/neuralynx/session/opto/200ms/raw_data.hdf5,ZS062_2021-04-02_19-08-52_nwb_2025-08-14_10-55-50
5ad6a2fe-c1f0-4fc2-af43-e3d8a7cc0826,/allen/aind/stage/hopkins_data/ZS062/mZS062d20210402/neuralynx/opto/20ms/raw_data.hdf5,ecephys/neuralynx/session/opto/20ms/raw_data.hdf5,ZS062_2021-04-02_19-08-52_nwb_2025-08-14_10-55-50
5ad6a2fe-c1f0-4fc2-af43-e3d8a7cc0826,/allen/aind/stage/hopkins_data/ZS062/mZS062d20210402/neuralynx/opto/20ms_1/raw_data.hdf5,ecephys/neuralynx/session/opto/20ms_1/raw_data.hdf5,ZS062_2021-04-02_19-08-52_nwb_2025-08-14_10-55-50
f0f0961a-0102-46dc-98d8-9f8f119a4f32,/allen/aind/stage/hopkins_data/ZS062/mZS062d20210403/neuralynx/session/raw_data.hdf5,ecephys/neuralynx/session/raw_data.hdf5,ZS062_2021-04-03_20-26-34_nwb_2025-08-14_10-55-51
f0f0961a-0102-46dc-98d8-9f8f119a4f32,/allen/aind/stage/hopkins_data/ZS062/mZS062d20210403/neuralynx/opto/200ms/raw_data.hdf5,ecephys/neuralynx/session/opto/200ms/raw_data.hdf5,ZS062_2021-04-03_20-26-34_nwb_2025-08-14_10-55-51
f0f0961a-0102-46dc-98d8-9f8f119a4f32,/allen/aind/stage/hopkins_data/ZS062/mZS062d20210403/neuralynx/opto/20ms/raw_data.hdf5,ecephys/neuralynx/session/opto/20ms/raw_data.hdf5,ZS062_2021-04-03_20-26-34_nwb_2025-08-14_10-55-51
de4beb37-4182-43c9-9b67-ad0e3bc87e72,/allen/aind/stage/hopkins_data/ZS062/mZS062d20210404/neuralynx/session/raw_data.hdf5,ecephys/neuralynx/session/raw_data.hdf5,ZS062_2021-04-04_18-59-47_nwb_2025-08-14_10-55-50
de4beb37-4182-43c9-9b67-ad0e3bc87e72,/allen/aind/stage/hopkins_data/ZS062/mZS062d20210404/neuralynx/opto/200ms/raw_data.hdf5,ecephys/neuralynx/session/opto/200ms/raw_data.hdf5,ZS062_2021-04-04_18-59-47_nwb_2025-08-14_10-55-50
de4beb37-4182-43c9-9b67-ad0e3bc87e72,/allen/aind/stage/hopkins_data/ZS062/mZS062d20210404/neuralynx/opto/20ms/raw_data.hdf5,ecephys/neuralynx/session/opto/20ms/raw_data.hdf5,ZS062_2021-04-04_18-59-47_nwb_2025-08-14_10-55-50
fc5217e6-7590-4173-9f9a-071b4657d01f,/allen/aind/stage/hopkins_data/ZS062/mZS062d20210405/neuralynx/session/raw_data.hdf5,ecephys/neuralynx/session/raw_data.hdf5,ZS062_2021-04-05_19-25-39_nwb_2025-08-14_10-55-50
fc5217e6-7590-4173-9f9a-071b4657d01f,/allen/aind/stage/hopkins_data/ZS062/mZS062d20210405/neuralynx/opto/200ms/raw_data.hdf5,ecephys/neuralynx/session/opto/200ms/raw_data.hdf5,ZS062_2021-04-05_19-25-39_nwb_2025-08-14_10-55-50
fc5217e6-7590-4173-9f9a-071b4657d01f,/allen/aind/stage/hopkins_data/ZS062/mZS062d20210405/neuralynx/opto/20ms/raw_data.hdf5,ecephys/neuralynx/session/opto/20ms/raw_data.hdf5,ZS062_2021-04-05_19-25-39_nwb_2025-08-14_10-55-50
782d7a43-f76d-494c-a8dd-3398223cda6c,/allen/aind/stage/hopkins_data/ZS062/mZS062d20210406/neuralynx/session/raw_data.hdf5,ecephys/neuralynx/session/raw_data.hdf5,ZS062_2021-04-06_18-46-42_nwb_2025-08-14_10-55-51
782d7a43-f76d-494c-a8dd-3398223cda6c,/allen/aind/stage/hopkins_data/ZS062/mZS062d20210406/neuralynx/opto/20ms_1/raw_data.hdf5,ecephys/neuralynx/session/opto/20ms_1/raw_data.hdf5,ZS062_2021-04-06_18-46-42_nwb_2025-08-14_10-55-51
782d7a43-f76d-494c-a8dd-3398223cda6c,/allen/aind/stage/hopkins_data/ZS062/mZS062d20210406/neuralynx/opto/20ms_2/raw_data.hdf5,ecephys/neuralynx/session/opto/20ms_2/raw_data.hdf5,ZS062_2021-04-06_18-46-42_nwb_2025-08-14_10-55-51
92374083-4922-46ae-bde3-74f0c09316e4,/allen/aind/stage/hopkins_data/ZS062/mZS062d20210407/neuralynx/session/raw_data.hdf5,ecephys/neuralynx/session/raw_data.hdf5,ZS062_2021-04-07_17-58-07_nwb_2025-08-14_10-55-50
92374083-4922-46ae-bde3-74f0c09316e4,/allen/aind/stage/hopkins_data/ZS062/mZS062d20210407/neuralynx/opto/20ms_1/raw_data.hdf5,ecephys/neuralynx/session/opto/20ms_1/raw_data.hdf5,ZS062_2021-04-07_17-58-07_nwb_2025-08-14_10-55-50
92374083-4922-46ae-bde3-74f0c09316e4,/allen/aind/stage/hopkins_data/ZS062/mZS062d20210407/neuralynx/opto/20ms_2/raw_data.hdf5,ecephys/neuralynx/session/opto/20ms_2/raw_data.hdf5,ZS062_2021-04-07_17-58-07_nwb_2025-08-14_10-55-50
da580983-30d0-4b39-9c35-2164d9666d5e,/allen/aind/stage/hopkins_data/ZS062/mZS062d20210408/neuralynx/session/raw_data.hdf5,ecephys/neuralynx/session/raw_data.hdf5,ZS062_2021-04-08_19-07-10_nwb_2025-08-14_10-55-51
da580983-30d0-4b39-9c35-2164d9666d5e,/allen/aind/stage/hopkins_data/ZS062/mZS062d20210408/neuralynx/opto/20ms_1/raw_data.hdf5,ecephys/neuralynx/session/opto/20ms_1/raw_data.hdf5,ZS062_2021-04-08_19-07-10_nwb_2025-08-14_10-55-51
da580983-30d0-4b39-9c35-2164d9666d5e,/allen/aind/stage/hopkins_data/ZS062/mZS062d20210408/neuralynx/opto/20ms_2/raw_data.hdf5,ecephys/neuralynx/session/opto/20ms_2/raw_data.hdf5,ZS062_2021-04-08_19-07-10_nwb_2025-08-14_10-55-51
1c9ee556-c97a-4e37-b663-125f3cc38e59,/allen/aind/stage/hopkins_data/ZS062/mZS062d20210409/neuralynx/session/raw_data.hdf5,ecephys/neuralynx/session/raw_data.hdf5,ZS062_2021-04-09_19-27-26_nwb_2025-08-14_10-55-51
1c9ee556-c97a-4e37-b663-125f3cc38e59,/allen/aind/stage/hopkins_data/ZS062/mZS062d20210409/neuralynx/opto/20ms_1/raw_data.hdf5,ecephys/neuralynx/session/opto/20ms_1/raw_data.hdf5,ZS062_2021-04-09_19-27-26_nwb_2025-08-14_10-55-51
1c9ee556-c97a-4e37-b663-125f3cc38e59,/allen/aind/stage/hopkins_data/ZS062/mZS062d20210409/neuralynx/opto/20ms_2/raw_data.hdf5,ecephys/neuralynx/session/opto/20ms_2/raw_data.hdf5,ZS062_2021-04-09_19-27-26_nwb_2025-08-14_10-55-51
1c9ee556-c97a-4e37-b663-125f3cc38e59,/allen/aind/stage/hopkins_data/ZS062/mZS062d20210409/neuralynx/opto/20ms_3/raw_data.hdf5,ecephys/neuralynx/session/opto/20ms_3/raw_data.hdf5,ZS062_2021-04-09_19-27-26_nwb_2025-08-14_10-55-51
1cfabf5f-2479-4f8d-90f3-2fbcc95f007a,/allen/aind/stage/hopkins_data/ZS062/mZS062d20210410/neuralynx/session/raw_data.hdf5,ecephys/neuralynx/session/raw_data.hdf5,ZS062_2021-04-10_19-16-30_nwb_2025-08-14_10-55-50
1cfabf5f-2479-4f8d-90f3-2fbcc95f007a,/allen/aind/stage/hopkins_data/ZS062/mZS062d20210410/neuralynx/opto/20ms_1/raw_data.hdf5,ecephys/neuralynx/session/opto/20ms_1/raw_data.hdf5,ZS062_2021-04-10_19-16-30_nwb_2025-08-14_10-55-50
1cfabf5f-2479-4f8d-90f3-2fbcc95f007a,/allen/aind/stage/hopkins_data/ZS062/mZS062d20210410/neuralynx/opto/20ms_2/raw_data.hdf5,ecephys/neuralynx/session/opto/20ms_2/raw_data.hdf5,ZS062_2021-04-10_19-16-30_nwb_2025-08-14_10-55-50
0ae3c89f-1392-4ae7-aff9-1201e976e532,/allen/aind/stage/hopkins_data/ZS062/mZS062d20210411/neuralynx/session/raw_data.hdf5,ecephys/neuralynx/session/raw_data.hdf5,ZS062_2021-04-11_18-58-53_nwb_2025-08-14_10-55-50
0ae3c89f-1392-4ae7-aff9-1201e976e532,/allen/aind/stage/hopkins_data/ZS062/mZS062d20210411/neuralynx/opto/20ms_1/raw_data.hdf5,ecephys/neuralynx/session/opto/20ms_1/raw_data.hdf5,ZS062_2021-04-11_18-58-53_nwb_2025-08-14_10-55-50
0ae3c89f-1392-4ae7-aff9-1201e976e532,/allen/aind/stage/hopkins_data/ZS062/mZS062d20210411/neuralynx/opto/20ms_2/raw_data.hdf5,ecephys/neuralynx/session/opto/20ms_2/raw_data.hdf5,ZS062_2021-04-11_18-58-53_nwb_2025-08-14_10-55-50
a19639ac-6de1-4270-aa14-ac2604066bca,/allen/aind/stage/hopkins_data/ZS062/mZS062d20210412/neuralynx/session/raw_data.hdf5,ecephys/neuralynx/session/raw_data.hdf5,ZS062_2021-04-12_18-46-29_nwb_2025-08-14_10-55-50
a19639ac-6de1-4270-aa14-ac2604066bca,/allen/aind/stage/hopkins_data/ZS062/mZS062d20210412/neuralynx/opto/200ms/raw_data.hdf5,ecephys/neuralynx/session/opto/200ms/raw_data.hdf5,ZS062_2021-04-12_18-46-29_nwb_2025-08-14_10-55-50
a19639ac-6de1-4270-aa14-ac2604066bca,/allen/aind/stage/hopkins_data/ZS062/mZS062d20210412/neuralynx/opto/20ms_1/raw_data.hdf5,ecephys/neuralynx/session/opto/20ms_1/raw_data.hdf5,ZS062_2021-04-12_18-46-29_nwb_2025-08-14_10-55-50
a19639ac-6de1-4270-aa14-ac2604066bca,/allen/aind/stage/hopkins_data/ZS062/mZS062d20210412/neuralynx/opto/20ms_2/raw_data.hdf5,ecephys/neuralynx/session/opto/20ms_2/raw_data.hdf5,ZS062_2021-04-12_18-46-29_nwb_2025-08-14_10-55-50
19b93b1d-7e71-49b0-861e-2c96b348f395,/allen/aind/stage/hopkins_data/ZS062/mZS062d20210413/neuralynx/session/raw_data.hdf5,ecephys/neuralynx/session/raw_data.hdf5,ZS062_2021-04-13_19-35-13_nwb_2025-08-14_10-55-50
19b93b1d-7e71-49b0-861e-2c96b348f395,/allen/aind/stage/hopkins_data/ZS062/mZS062d20210413/neuralynx/opto/20ms_1/raw_data.hdf5,ecephys/neuralynx/session/opto/20ms_1/raw_data.hdf5,ZS062_2021-04-13_19-35-13_nwb_2025-08-14_10-55-50
19b93b1d-7e71-49b0-861e-2c96b348f395,/allen/aind/stage/hopkins_data/ZS062/mZS062d20210413/neuralynx/opto/20ms_2/raw_data.hdf5,ecephys/neuralynx/session/opto/20ms_2/raw_data.hdf5,ZS062_2021-04-13_19-35-13_nwb_2025-08-14_10-55-50
597b45c2-9cc7-477a-811f-f9c20597c54c,/allen/aind/stage/hopkins_data/ZS062/mZS062d20210414/neuralynx/session/raw_data.hdf5,ecephys/neuralynx/session/raw_data.hdf5,ZS062_2021-04-14_17-07-51_nwb_2025-08-14_10-55-51
597b45c2-9cc7-477a-811f-f9c20597c54c,/allen/aind/stage/hopkins_data/ZS062/mZS062d20210414/neuralynx/opto/20ms_1/raw_data.hdf5,ecephys/neuralynx/session/opto/20ms_1/raw_data.hdf5,ZS062_2021-04-14_17-07-51_nwb_2025-08-14_10-55-51
0f971db1-d724-4b9e-9933-34b5a153fffd,/allen/aind/stage/hopkins_data/ZS062/mZS062d20210415/neuralynx/session/raw_data.hdf5,ecephys/neuralynx/session/raw_data.hdf5,ZS062_2021-04-15_17-52-49_nwb_2025-08-14_10-55-51
0f971db1-d724-4b9e-9933-34b5a153fffd,/allen/aind/stage/hopkins_data/ZS062/mZS062d20210415/neuralynx/opto/20ms_1/raw_data.hdf5,ecephys/neuralynx/session/opto/20ms_1/raw_data.hdf5,ZS062_2021-04-15_17-52-49_nwb_2025-08-14_10-55-51
0f971db1-d724-4b9e-9933-34b5a153fffd,/allen/aind/stage/hopkins_data/ZS062/mZS062d20210415/neuralynx/opto/20ms_2/raw_data.hdf5,ecephys/neuralynx/session/opto/20ms_2/raw_data.hdf5,ZS062_2021-04-15_17-52-49_nwb_2025-08-14_10-55-51
4816bb02-9147-473a-a543-b26d56a1cc49,/allen/aind/stage/hopkins_data/ZS062/mZS062d20210416/neuralynx/session/raw_data.hdf5,ecephys/neuralynx/session/raw_data.hdf5,ZS062_2021-04-16_18-17-09_nwb_2025-08-14_10-55-51
4816bb02-9147-473a-a543-b26d56a1cc49,/allen/aind/stage/hopkins_data/ZS062/mZS062d20210416/neuralynx/opto/20ms_1/raw_data.hdf5,ecephys/neuralynx/session/opto/20ms_1/raw_data.hdf5,ZS062_2021-04-16_18-17-09_nwb_2025-08-14_10-55-51
4816bb02-9147-473a-a543-b26d56a1cc49,/allen/aind/stage/hopkins_data/ZS062/mZS062d20210416/neuralynx/opto/20ms_2/raw_data.hdf5,ecephys/neuralynx/session/opto/20ms_2/raw_data.hdf5,ZS062_2021-04-16_18-17-09_nwb_2025-08-14_10-55-51
04e70cc5-0d51-4d77-bb53-63033c5f3478,/allen/aind/stage/hopkins_data/ZS062/mZS062d20210417/neuralynx/session/raw_data.hdf5,ecephys/neuralynx/session/raw_data.hdf5,ZS062_2021-04-17_18-06-40_nwb_2025-08-14_10-55-51
04e70cc5-0d51-4d77-bb53-63033c5f3478,/allen/aind/stage/hopkins_data/ZS062/mZS062d20210417/neuralynx/opto/10ms/raw_data.hdf5,ecephys/neuralynx/session/opto/10ms/raw_data.hdf5,ZS062_2021-04-17_18-06-40_nwb_2025-08-14_10-55-51
04e70cc5-0d51-4d77-bb53-63033c5f3478,/allen/aind/stage/hopkins_data/ZS062/mZS062d20210417/neuralynx/opto/20ms_2/raw_data.hdf5,ecephys/neuralynx/session/opto/20ms_2/raw_data.hdf5,ZS062_2021-04-17_18-06-40_nwb_2025-08-14_10-55-51
4f63729f-479b-4713-a75d-d9fcf4b3855a,/allen/aind/stage/hopkins_data/ZS062/mZS062d20210418/neuralynx/session/raw_data.hdf5,ecephys/neuralynx/session/raw_data.hdf5,ZS062_2021-04-18_19-52-39_nwb_2025-08-14_10-55-50
4f63729f-479b-4713-a75d-d9fcf4b3855a,/allen/aind/stage/hopkins_data/ZS062/mZS062d20210418/neuralynx/opto/20ms_1/raw_data.hdf5,ecephys/neuralynx/session/opto/20ms_1/raw_data.hdf5,ZS062_2021-04-18_19-52-39_nwb_2025-08-14_10-55-50
4f63729f-479b-4713-a75d-d9fcf4b3855a,/allen/aind/stage/hopkins_data/ZS062/mZS062d20210418/neuralynx/opto/20ms_2/raw_data.hdf5,ecephys/neuralynx/session/opto/20ms_2/raw_data.hdf5,ZS062_2021-04-18_19-52-39_nwb_2025-08-14_10-55-50
138cbc28-1907-42b3-9a71-2f20a09018b9,/allen/aind/stage/hopkins_data/ZS062/mZS062d20210419/neuralynx/session/raw_data.hdf5,ecephys/neuralynx/session/raw_data.hdf5,ZS062_2021-04-19_19-36-48_nwb_2025-08-14_10-55-51
138cbc28-1907-42b3-9a71-2f20a09018b9,/allen/aind/stage/hopkins_data/ZS062/mZS062d20210419/neuralynx/opto/20ms_1/raw_data.hdf5,ecephys/neuralynx/session/opto/20ms_1/raw_data.hdf5,ZS062_2021-04-19_19-36-48_nwb_2025-08-14_10-55-51
48e04ff2-1fe1-4bb5-be40-e9570b3b3d15,/allen/aind/stage/hopkins_data/ZS062/mZS062d20210420/neuralynx/session/raw_data.hdf5,ecephys/neuralynx/session/raw_data.hdf5,ZS062_2021-04-20_18-23-52_nwb_2025-08-14_10-55-51
48e04ff2-1fe1-4bb5-be40-e9570b3b3d15,/allen/aind/stage/hopkins_data/ZS062/mZS062d20210420/neuralynx/opto/10ms/raw_data.hdf5,ecephys/neuralynx/session/opto/10ms/raw_data.hdf5,ZS062_2021-04-20_18-23-52_nwb_2025-08-14_10-55-51
48e04ff2-1fe1-4bb5-be40-e9570b3b3d15,/allen/aind/stage/hopkins_data/ZS062/mZS062d20210420/neuralynx/opto/20ms/raw_data.hdf5,ecephys/neuralynx/session/opto/20ms/raw_data.hdf5,ZS062_2021-04-20_18-23-52_nwb_2025-08-14_10-55-51
664a1d8f-0090-4223-a1a7-d27724d610a9,/allen/aind/stage/hopkins_data/ZS062/mZS062d20210421/neuralynx/session/raw_data.hdf5,ecephys/neuralynx/session/raw_data.hdf5,ZS062_2021-04-21_18-15-30_nwb_2025-08-14_10-55-50
664a1d8f-0090-4223-a1a7-d27724d610a9,/allen/aind/stage/hopkins_data/ZS062/mZS062d20210421/neuralynx/opto/10ms/raw_data.hdf5,ecephys/neuralynx/session/opto/10ms/raw_data.hdf5,ZS062_2021-04-21_18-15-30_nwb_2025-08-14_10-55-50
664a1d8f-0090-4223-a1a7-d27724d610a9,/allen/aind/stage/hopkins_data/ZS062/mZS062d20210421/neuralynx/opto/20ms/raw_data.hdf5,ecephys/neuralynx/session/opto/20ms/raw_data.hdf5,ZS062_2021-04-21_18-15-30_nwb_2025-08-14_10-55-50
84095ea6-bd98-41d0-9584-ee4af63ec3ff,/allen/aind/stage/hopkins_data/ZS062/mZS062d20210422/neuralynx/session/raw_data.hdf5,ecephys/neuralynx/session/raw_data.hdf5,ZS062_2021-04-22_17-18-06_nwb_2025-08-14_10-55-51
84095ea6-bd98-41d0-9584-ee4af63ec3ff,/allen/aind/stage/hopkins_data/ZS062/mZS062d20210422/neuralynx/opto/10ms/raw_data.hdf5,ecephys/neuralynx/session/opto/10ms/raw_data.hdf5,ZS062_2021-04-22_17-18-06_nwb_2025-08-14_10-55-51
84095ea6-bd98-41d0-9584-ee4af63ec3ff,/allen/aind/stage/hopkins_data/ZS062/mZS062d20210422/neuralynx/opto/20ms/raw_data.hdf5,ecephys/neuralynx/session/opto/20ms/raw_data.hdf5,ZS062_2021-04-22_17-18-06_nwb_2025-08-14_10-55-51
89484025-1474-40c3-b0bb-3e28724fb9f8,/allen/aind/stage/hopkins_data/ZS062/mZS062d20210423/neuralynx/session/raw_data.hdf5,ecephys/neuralynx/session/raw_data.hdf5,ZS062_2021-04-23_17-27-03_nwb_2025-08-14_10-55-51
89484025-1474-40c3-b0bb-3e28724fb9f8,/allen/aind/stage/hopkins_data/ZS062/mZS062d20210423/neuralynx/opto/10ms/raw_data.hdf5,ecephys/neuralynx/session/opto/10ms/raw_data.hdf5,ZS062_2021-04-23_17-27-03_nwb_2025-08-14_10-55-51
89484025-1474-40c3-b0bb-3e28724fb9f8,/allen/aind/stage/hopkins_data/ZS062/mZS062d20210423/neuralynx/opto/20ms/raw_data.hdf5,ecephys/neuralynx/session/opto/20ms/raw_data.hdf5,ZS062_2021-04-23_17-27-03_nwb_2025-08-14_10-55-51
68527ba1-5085-4748-8322-9f1f8bbb3c31,/allen/aind/stage/hopkins_data/ZS062/mZS062d20210424/neuralynx/session/raw_data.hdf5,ecephys/neuralynx/session/raw_data.hdf5,ZS062_2021-04-24_17-54-39_nwb_2025-08-14_10-55-51
68527ba1-5085-4748-8322-9f1f8bbb3c31,/allen/aind/stage/hopkins_data/ZS062/mZS062d20210424/neuralynx/opto/10ms/raw_data.hdf5,ecephys/neuralynx/session/opto/10ms/raw_data.hdf5,ZS062_2021-04-24_17-54-39_nwb_2025-08-14_10-55-51
68527ba1-5085-4748-8322-9f1f8bbb3c31,/allen/aind/stage/hopkins_data/ZS062/mZS062d20210424/neuralynx/opto/20ms/raw_data.hdf5,ecephys/neuralynx/session/opto/20ms/raw_data.hdf5,ZS062_2021-04-24_17-54-39_nwb_2025-08-14_10-55-51
66face85-3b71-4a49-8380-70be5ba50690,/allen/aind/stage/hopkins_data/ZS062/mZS062d20210425/neuralynx/session/raw_data.hdf5,ecephys/neuralynx/session/raw_data.hdf5,ZS062_2021-04-25_18-53-35_nwb_2025-08-14_10-55-51
66face85-3b71-4a49-8380-70be5ba50690,/allen/aind/stage/hopkins_data/ZS062/mZS062d20210425/neuralynx/opto/10ms/raw_data.hdf5,ecephys/neuralynx/session/opto/10ms/raw_data.hdf5,ZS062_2021-04-25_18-53-35_nwb_2025-08-14_10-55-51
66face85-3b71-4a49-8380-70be5ba50690,/allen/aind/stage/hopkins_data/ZS062/mZS062d20210425/neuralynx/opto/20ms/raw_data.hdf5,ecephys/neuralynx/session/opto/20ms/raw_data.hdf5,ZS062_2021-04-25_18-53-35_nwb_2025-08-14_10-55-51
c8b8639e-9ed2-48ce-8d27-f9832be4dcdc,/allen/aind/stage/hopkins_data/ZS062/mZS062d20210426/neuralynx/session/raw_data.hdf5,ecephys/neuralynx/session/raw_data.hdf5,ZS062_2021-04-26_20-26-29_nwb_2025-08-14_10-55-51
c8b8639e-9ed2-48ce-8d27-f9832be4dcdc,/allen/aind/stage/hopkins_data/ZS062/mZS062d20210426/neuralynx/opto/20ms/raw_data.hdf5,ecephys/neuralynx/session/opto/20ms/raw_data.hdf5,ZS062_2021-04-26_20-26-29_nwb_2025-08-14_10-55-51
afcb6aae-88ac-46b6-8721-29f879fe6f6e,/allen/aind/stage/hopkins_data/ZS062/mZS062d20210427/neuralynx/session/raw_data.hdf5,ecephys/neuralynx/session/raw_data.hdf5,ZS062_2021-04-27_19-23-36_nwb_2025-08-14_10-55-51
afcb6aae-88ac-46b6-8721-29f879fe6f6e,/allen/aind/stage/hopkins_data/ZS062/mZS062d20210427/neuralynx/opto/10ms/raw_data.hdf5,ecephys/neuralynx/session/opto/10ms/raw_data.hdf5,ZS062_2021-04-27_19-23-36_nwb_2025-08-14_10-55-51
afcb6aae-88ac-46b6-8721-29f879fe6f6e,/allen/aind/stage/hopkins_data/ZS062/mZS062d20210427/neuralynx/opto/20ms/raw_data.hdf5,ecephys/neuralynx/session/opto/20ms/raw_data.hdf5,ZS062_2021-04-27_19-23-36_nwb_2025-08-14_10-55-51
2f155bd2-0e5d-4e70-a35c-a1d696167f34,/allen/aind/stage/hopkins_data/ZS062/mZS062d20210428/neuralynx/session/raw_data.hdf5,ecephys/neuralynx/session/raw_data.hdf5,ZS062_2021-04-28_17-53-01_nwb_2025-08-14_10-55-51
2f155bd2-0e5d-4e70-a35c-a1d696167f34,/allen/aind/stage/hopkins_data/ZS062/mZS062d20210428/neuralynx/opto/10ms/raw_data.hdf5,ecephys/neuralynx/session/opto/10ms/raw_data.hdf5,ZS062_2021-04-28_17-53-01_nwb_2025-08-14_10-55-51
2f155bd2-0e5d-4e70-a35c-a1d696167f34,/allen/aind/stage/hopkins_data/ZS062/mZS062d20210428/neuralynx/opto/20ms/raw_data.hdf5,ecephys/neuralynx/session/opto/20ms/raw_data.hdf5,ZS062_2021-04-28_17-53-01_nwb_2025-08-14_10-55-51
b6bb0ffd-3510-4a61-a99b-00ddf9ec2bde,/allen/aind/stage/hopkins_data/ZS062/mZS062d20210429/neuralynx/session/raw_data.hdf5,ecephys/neuralynx/session/raw_data.hdf5,ZS062_2021-04-29_17-36-37_nwb_2025-08-14_10-55-51
b6bb0ffd-3510-4a61-a99b-00ddf9ec2bde,/allen/aind/stage/hopkins_data/ZS062/mZS062d20210429/neuralynx/opto/10ms/raw_data.hdf5,ecephys/neuralynx/session/opto/10ms/raw_data.hdf5,ZS062_2021-04-29_17-36-37_nwb_2025-08-14_10-55-51
b6bb0ffd-3510-4a61-a99b-00ddf9ec2bde,/allen/aind/stage/hopkins_data/ZS062/mZS062d20210429/neuralynx/opto/10ms_1/raw_data.hdf5,ecephys/neuralynx/session/opto/10ms_1/raw_data.hdf5,ZS062_2021-04-29_17-36-37_nwb_2025-08-14_10-55-51
24726d7b-3e8e-49db-a154-f8a1321b6ac4,/allen/aind/stage/hopkins_data/ZS062/mZS062d20210430/neuralynx/session/raw_data.hdf5,ecephys/neuralynx/session/raw_data.hdf5,ZS062_2021-04-30_18-11-39_nwb_2025-08-14_10-55-51
24726d7b-3e8e-49db-a154-f8a1321b6ac4,/allen/aind/stage/hopkins_data/ZS062/mZS062d20210430/neuralynx/opto/10ms/raw_data.hdf5,ecephys/neuralynx/session/opto/10ms/raw_data.hdf5,ZS062_2021-04-30_18-11-39_nwb_2025-08-14_10-55-51
24726d7b-3e8e-49db-a154-f8a1321b6ac4,/allen/aind/stage/hopkins_data/ZS062/mZS062d20210430/neuralynx/opto/10ms_2/raw_data.hdf5,ecephys/neuralynx/session/opto/10ms_2/raw_data.hdf5,ZS062_2021-04-30_18-11-39_nwb_2025-08-14_10-55-51
8d3b3140-510d-4be5-a87b-8a6e8ce86695,/allen/aind/stage/hopkins_data/ZS062/mZS062d20210501/neuralynx/session/raw_data.hdf5,ecephys/neuralynx/session/raw_data.hdf5,ZS062_2021-05-01_19-48-01_nwb_2025-08-14_10-55-50
8d3b3140-510d-4be5-a87b-8a6e8ce86695,/allen/aind/stage/hopkins_data/ZS062/mZS062d20210501/neuralynx/opto/10ms/raw_data.hdf5,ecephys/neuralynx/session/opto/10ms/raw_data.hdf5,ZS062_2021-05-01_19-48-01_nwb_2025-08-14_10-55-50
8d3b3140-510d-4be5-a87b-8a6e8ce86695,/allen/aind/stage/hopkins_data/ZS062/mZS062d20210501/neuralynx/opto/10ms_1/raw_data.hdf5,ecephys/neuralynx/session/opto/10ms_1/raw_data.hdf5,ZS062_2021-05-01_19-48-01_nwb_2025-08-14_10-55-50
c4992798-201d-4ed3-b4ae-56479a0cbd02,/allen/aind/stage/hopkins_data/ZS062/mZS062d20210502/neuralynx/session/raw_data.hdf5,ecephys/neuralynx/session/raw_data.hdf5,ZS062_2021-05-02_19-20-50_nwb_2025-08-14_10-55-51
c4992798-201d-4ed3-b4ae-56479a0cbd02,/allen/aind/stage/hopkins_data/ZS062/mZS062d20210502/neuralynx/opto/10ms/raw_data.hdf5,ecephys/neuralynx/session/opto/10ms/raw_data.hdf5,ZS062_2021-05-02_19-20-50_nwb_2025-08-14_10-55-51
c4992798-201d-4ed3-b4ae-56479a0cbd02,/allen/aind/stage/hopkins_data/ZS062/mZS062d20210502/neuralynx/opto/10ms_1/raw_data.hdf5,ecephys/neuralynx/session/opto/10ms_1/raw_data.hdf5,ZS062_2021-05-02_19-20-50_nwb_2025-08-14_10-55-51
c4992798-201d-4ed3-b4ae-56479a0cbd02,/allen/aind/stage/hopkins_data/ZS062/mZS062d20210502/neuralynx/opto/20ms/raw_data.hdf5,ecephys/neuralynx/session/opto/20ms/raw_data.hdf5,ZS062_2021-05-02_19-20-50_nwb_2025-08-14_10-55-51
5c31dfe9-3dcc-43b3-8578-f47dcfdbb538,/allen/aind/stage/hopkins_data/ZS062/mZS062d20210503/neuralynx/session/raw_data.hdf5,ecephys/neuralynx/session/raw_data.hdf5,ZS062_2021-05-03_13-58-20_nwb_2025-08-14_10-55-51
5c31dfe9-3dcc-43b3-8578-f47dcfdbb538,/allen/aind/stage/hopkins_data/ZS062/mZS062d20210503/neuralynx/opto/10ms/raw_data.hdf5,ecephys/neuralynx/session/opto/10ms/raw_data.hdf5,ZS062_2021-05-03_13-58-20_nwb_2025-08-14_10-55-51
5c31dfe9-3dcc-43b3-8578-f47dcfdbb538,/allen/aind/stage/hopkins_data/ZS062/mZS062d20210503/neuralynx/opto/20ms/raw_data.hdf5,ecephys/neuralynx/session/opto/20ms/raw_data.hdf5,ZS062_2021-05-03_13-58-20_nwb_2025-08-14_10-55-51
3b394b5c-e8aa-4c23-815e-fcabf2df09b6,/allen/aind/stage/hopkins_data/ZS062/mZS062d20210504/neuralynx/session/raw_data.hdf5,ecephys/neuralynx/session/raw_data.hdf5,ZS062_2021-05-04_14-29-20_nwb_2025-08-14_10-55-50
3b394b5c-e8aa-4c23-815e-fcabf2df09b6,/allen/aind/stage/hopkins_data/ZS062/mZS062d20210504/neuralynx/opto/10ms/raw_data.hdf5,ecephys/neuralynx/session/opto/10ms/raw_data.hdf5,ZS062_2021-05-04_14-29-20_nwb_2025-08-14_10-55-50
3b394b5c-e8aa-4c23-815e-fcabf2df09b6,/allen/aind/stage/hopkins_data/ZS062/mZS062d20210504/neuralynx/opto/10ms_1/raw_data.hdf5,ecephys/neuralynx/session/opto/10ms_1/raw_data.hdf5,ZS062_2021-05-04_14-29-20_nwb_2025-08-14_10-55-50
3b394b5c-e8aa-4c23-815e-fcabf2df09b6,/allen/aind/stage/hopkins_data/ZS062/mZS062d20210504/neuralynx/opto/20ms/raw_data.hdf5,ecephys/neuralynx/session/opto/20ms/raw_data.hdf5,ZS062_2021-05-04_14-29-20_nwb_2025-08-14_10-55-50
ad088c27-0c9d-4aae-ab99-125ba41edd47,/allen/aind/stage/hopkins_data/ZS062/mZS062d20210505/neuralynx/session/raw_data.hdf5,ecephys/neuralynx/session/raw_data.hdf5,ZS062_2021-05-05_16-34-46_nwb_2025-08-14_10-55-51
ad088c27-0c9d-4aae-ab99-125ba41edd47,/allen/aind/stage/hopkins_data/ZS062/mZS062d20210505/neuralynx/opto/10ms/raw_data.hdf5,ecephys/neuralynx/session/opto/10ms/raw_data.hdf5,ZS062_2021-05-05_16-34-46_nwb_2025-08-14_10-55-51
ad088c27-0c9d-4aae-ab99-125ba41edd47,/allen/aind/stage/hopkins_data/ZS062/mZS062d20210505/neuralynx/opto/10ms_1/raw_data.hdf5,ecephys/neuralynx/session/opto/10ms_1/raw_data.hdf5,ZS062_2021-05-05_16-34-46_nwb_2025-08-14_10-55-51
ad088c27-0c9d-4aae-ab99-125ba41edd47,/allen/aind/stage/hopkins_data/ZS062/mZS062d20210505/neuralynx/opto/20ms/raw_data.hdf5,ecephys/neuralynx/session/opto/20ms/raw_data.hdf5,ZS062_2021-05-05_16-34-46_nwb_2025-08-14_10-55-51
c1af123f-8c59-4fb6-b0bd-ab4209878a94,/allen/aind/stage/hopkins_data/ZS062/mZS062d20210506/neuralynx/session/raw_data.hdf5,ecephys/neuralynx/session/raw_data.hdf5,ZS062_2021-05-06_15-46-14_nwb_2025-08-14_10-55-50
c1af123f-8c59-4fb6-b0bd-ab4209878a94,/allen/aind/stage/hopkins_data/ZS062/mZS062d20210506/neuralynx/opto/10ms/raw_data.hdf5,ecephys/neuralynx/session/opto/10ms/raw_data.hdf5,ZS062_2021-05-06_15-46-14_nwb_2025-08-14_10-55-50
c1af123f-8c59-4fb6-b0bd-ab4209878a94,/allen/aind/stage/hopkins_data/ZS062/mZS062d20210506/neuralynx/opto/10ms_1/raw_data.hdf5,ecephys/neuralynx/session/opto/10ms_1/raw_data.hdf5,ZS062_2021-05-06_15-46-14_nwb_2025-08-14_10-55-50
c1af123f-8c59-4fb6-b0bd-ab4209878a94,/allen/aind/stage/hopkins_data/ZS062/mZS062d20210506/neuralynx/opto/20ms/raw_data.hdf5,ecephys/neuralynx/session/opto/20ms/raw_data.hdf5,ZS062_2021-05-06_15-46-14_nwb_2025-08-14_10-55-50
e87dfe98-0abe-41d0-bdf3-d6ce59d25638,/allen/aind/stage/hopkins_data/ZS062/mZS062d20210507/neuralynx/session/raw_data.hdf5,ecephys/neuralynx/session/raw_data.hdf5,ZS062_2021-05-07_17-38-21_nwb_2025-08-14_10-55-50
e87dfe98-0abe-41d0-bdf3-d6ce59d25638,/allen/aind/stage/hopkins_data/ZS062/mZS062d20210507/neuralynx/opto/10ms/raw_data.hdf5,ecephys/neuralynx/session/opto/10ms/raw_data.hdf5,ZS062_2021-05-07_17-38-21_nwb_2025-08-14_10-55-50
e87dfe98-0abe-41d0-bdf3-d6ce59d25638,/allen/aind/stage/hopkins_data/ZS062/mZS062d20210507/neuralynx/opto/20ms/raw_data.hdf5,ecephys/neuralynx/session/opto/20ms/raw_data.hdf5,ZS062_2021-05-07_17-38-21_nwb_2025-08-14_10-55-50
38d1a26d-7517-4b88-b34a-cdf36495e88f,/allen/aind/stage/hopkins_data/ZS062/mZS062d20210508/neuralynx/session/raw_data.hdf5,ecephys/neuralynx/session/raw_data.hdf5,ZS062_2021-05-08_18-43-47_nwb_2025-08-14_10-55-51
38d1a26d-7517-4b88-b34a-cdf36495e88f,/allen/aind/stage/hopkins_data/ZS062/mZS062d20210508/neuralynx/opto/10ms/raw_data.hdf5,ecephys/neuralynx/session/opto/10ms/raw_data.hdf5,ZS062_2021-05-08_18-43-47_nwb_2025-08-14_10-55-51
38d1a26d-7517-4b88-b34a-cdf36495e88f,/allen/aind/stage/hopkins_data/ZS062/mZS062d20210508/neuralynx/opto/20ms/raw_data.hdf5,ecephys/neuralynx/session/opto/20ms/raw_data.hdf5,ZS062_2021-05-08_18-43-47_nwb_2025-08-14_10-55-51
d4551236-28b1-496a-80bd-38a22385bb6b,/allen/aind/stage/hopkins_data/ZS062/mZS062d20210509/neuralynx/session/raw_data.hdf5,ecephys/neuralynx/session/raw_data.hdf5,ZS062_2021-05-09_17-15-10_nwb_2025-08-14_10-55-51
d4551236-28b1-496a-80bd-38a22385bb6b,/allen/aind/stage/hopkins_data/ZS062/mZS062d20210509/neuralynx/opto/10ms/raw_data.hdf5,ecephys/neuralynx/session/opto/10ms/raw_data.hdf5,ZS062_2021-05-09_17-15-10_nwb_2025-08-14_10-55-51
d4551236-28b1-496a-80bd-38a22385bb6b,/allen/aind/stage/hopkins_data/ZS062/mZS062d20210509/neuralynx/opto/10ms_1/raw_data.hdf5,ecephys/neuralynx/session/opto/10ms_1/raw_data.hdf5,ZS062_2021-05-09_17-15-10_nwb_2025-08-14_10-55-51
d4551236-28b1-496a-80bd-38a22385bb6b,/allen/aind/stage/hopkins_data/ZS062/mZS062d20210509/neuralynx/opto/20ms/raw_data.hdf5,ecephys/neuralynx/session/opto/20ms/raw_data.hdf5,ZS062_2021-05-09_17-15-10_nwb_2025-08-14_10-55-51
e60c72d5-878f-4240-95dd-66e2d102e96a,/allen/aind/stage/hopkins_data/ZS062/mZS062d20210510/neuralynx/session/raw_data.hdf5,ecephys/neuralynx/session/raw_data.hdf5,ZS062_2021-05-10_19-15-51_nwb_2025-08-14_10-55-50
e60c72d5-878f-4240-95dd-66e2d102e96a,/allen/aind/stage/hopkins_data/ZS062/mZS062d20210510/neuralynx/opto/10ms/raw_data.hdf5,ecephys/neuralynx/session/opto/10ms/raw_data.hdf5,ZS062_2021-05-10_19-15-51_nwb_2025-08-14_10-55-50
e60c72d5-878f-4240-95dd-66e2d102e96a,/allen/aind/stage/hopkins_data/ZS062/mZS062d20210510/neuralynx/opto/10ms_1/raw_data.hdf5,ecephys/neuralynx/session/opto/10ms_1/raw_data.hdf5,ZS062_2021-05-10_19-15-51_nwb_2025-08-14_10-55-50
e60c72d5-878f-4240-95dd-66e2d102e96a,/allen/aind/stage/hopkins_data/ZS062/mZS062d20210510/neuralynx/opto/20ms/raw_data.hdf5,ecephys/neuralynx/session/opto/20ms/raw_data.hdf5,ZS062_2021-05-10_19-15-51_nwb_2025-08-14_10-55-50
0bfaebe6-12fa-4832-8dd5-404863c53fd1,/allen/aind/stage/hopkins_data/ZS062/mZS062d20210511/neuralynx/session/raw_data.hdf5,ecephys/neuralynx/session/raw_data.hdf5,ZS062_2021-05-11_20-10-59_nwb_2025-08-14_10-55-51
0bfaebe6-12fa-4832-8dd5-404863c53fd1,/allen/aind/stage/hopkins_data/ZS062/mZS062d20210511/neuralynx/opto/10ms/raw_data.hdf5,ecephys/neuralynx/session/opto/10ms/raw_data.hdf5,ZS062_2021-05-11_20-10-59_nwb_2025-08-14_10-55-51
0bfaebe6-12fa-4832-8dd5-404863c53fd1,/allen/aind/stage/hopkins_data/ZS062/mZS062d20210511/neuralynx/opto/20ms/raw_data.hdf5,ecephys/neuralynx/session/opto/20ms/raw_data.hdf5,ZS062_2021-05-11_20-10-59_nwb_2025-08-14_10-55-51
