session_folder_name,subject_id,vast_path,acquisition_path,data_description_path,subject_path,procedures_path,instrument_path,nwb_path
ZS062_2021-05-01_19-48-01,ZS062,/allen/aind/stage/hopkins_data/ZS062/mZS062d20210501,/allen/aind/stage/hopkins_data/ZS062/mZS062d20210501/acquisition.json,/allen/aind/stage/hopkins_data/ZS062/mZS062d20210501/data_description.json,/allen/aind/stage/hopkins_data/ZS062/mZS062d20210501/subject.json,/allen/aind/stage/hopkins_data/ZS062/mZS062d20210501/procedures.json,/allen/aind/stage/hopkins_data/ZS062/mZS062d20210501/instrument.json,/allen/aind/stage/hopkins_data/ZS062/mZS062d20210501/sorted/session/behavior_ZS062_2021-05-01_19-48-01_nwb.zarr
ZS060_2021-03-31_15-45-00,ZS060,/allen/aind/stage/hopkins_data/ZS060/mZS060d20210331,/allen/aind/stage/hopkins_data/ZS060/mZS060d20210331/acquisition.json,/allen/aind/stage/hopkins_data/ZS060/mZS060d20210331/data_description.json,/allen/aind/stage/hopkins_data/ZS060/mZS060d20210331/subject.json,/allen/aind/stage/hopkins_data/ZS060/mZS060d20210331/procedures.json,/allen/aind/stage/hopkins_data/ZS060/mZS060d20210331/instrument.json,/allen/aind/stage/hopkins_data/ZS060/mZS060d20210331/sorted/session/behavior_ZS060_2021-03-31_15-45-00_nwb.zarr
ZS062_2021-03-24_18-52-34,ZS062,/allen/aind/stage/hopkins_data/ZS062/mZS062d20210324,/allen/aind/stage/hopkins_data/ZS062/mZS062d20210324/acquisition.json,/allen/aind/stage/hopkins_data/ZS062/mZS062d20210324/data_description.json,/allen/aind/stage/hopkins_data/ZS062/mZS062d20210324/subject.json,/allen/aind/stage/hopkins_data/ZS062/mZS062d20210324/procedures.json,/allen/aind/stage/hopkins_data/ZS062/mZS062d20210324/instrument.json,/allen/aind/stage/hopkins_data/ZS062/mZS062d20210324/sorted/session/behavior_ZS062_2021-03-24_18-52-34_nwb.zarr
ZS060_2021-03-22_16-25-00,ZS060,/allen/aind/stage/hopkins_data/ZS060/mZS060d20210322,/allen/aind/stage/hopkins_data/ZS060/mZS060d20210322/acquisition.json,/allen/aind/stage/hopkins_data/ZS060/mZS060d20210322/data_description.json,/allen/aind/stage/hopkins_data/ZS060/mZS060d20210322/subject.json,/allen/aind/stage/hopkins_data/ZS060/mZS060d20210322/procedures.json,/allen/aind/stage/hopkins_data/ZS060/mZS060d20210322/instrument.json,/allen/aind/stage/hopkins_data/ZS060/mZS060d20210322/sorted/session/behavior_ZS060_2021-03-22_16-25-00_nwb.zarr
ZS061_2021-04-01_16-38-03,ZS061,/allen/aind/stage/hopkins_data/ZS061/mZS061d20210401,/allen/aind/stage/hopkins_data/ZS061/mZS061d20210401/acquisition.json,/allen/aind/stage/hopkins_data/ZS061/mZS061d20210401/data_description.json,/allen/aind/stage/hopkins_data/ZS061/mZS061d20210401/subject.json,/allen/aind/stage/hopkins_data/ZS061/mZS061d20210401/procedures.json,/allen/aind/stage/hopkins_data/ZS061/mZS061d20210401/instrument.json,/allen/aind/stage/hopkins_data/ZS061/mZS061d20210401/sorted/session/behavior_ZS061_2021-04-01_16-38-03_nwb.zarr
ZS062_2021-05-06_15-46-14,ZS062,/allen/aind/stage/hopkins_data/ZS062/mZS062d20210506,/allen/aind/stage/hopkins_data/ZS062/mZS062d20210506/acquisition.json,/allen/aind/stage/hopkins_data/ZS062/mZS062d20210506/data_description.json,/allen/aind/stage/hopkins_data/ZS062/mZS062d20210506/subject.json,/allen/aind/stage/hopkins_data/ZS062/mZS062d20210506/procedures.json,/allen/aind/stage/hopkins_data/ZS062/mZS062d20210506/instrument.json,/allen/aind/stage/hopkins_data/ZS062/mZS062d20210506/sorted/session/behavior_ZS062_2021-05-06_15-46-14_nwb.zarr
ZS060_2021-03-28_15-27-56,ZS060,/allen/aind/stage/hopkins_data/ZS060/mZS060d20210328,/allen/aind/stage/hopkins_data/ZS060/mZS060d20210328/acquisition.json,/allen/aind/stage/hopkins_data/ZS060/mZS060d20210328/data_description.json,/allen/aind/stage/hopkins_data/ZS060/mZS060d20210328/subject.json,/allen/aind/stage/hopkins_data/ZS060/mZS060d20210328/procedures.json,/allen/aind/stage/hopkins_data/ZS060/mZS060d20210328/instrument.json,/allen/aind/stage/hopkins_data/ZS060/mZS060d20210328/sorted/session/behavior_ZS060_2021-03-28_15-27-56_nwb.zarr
ZS060_2021-04-07_15-21-40,ZS060,/allen/aind/stage/hopkins_data/ZS060/mZS060d20210407,/allen/aind/stage/hopkins_data/ZS060/mZS060d20210407/acquisition.json,/allen/aind/stage/hopkins_data/ZS060/mZS060d20210407/data_description.json,/allen/aind/stage/hopkins_data/ZS060/mZS060d20210407/subject.json,/allen/aind/stage/hopkins_data/ZS060/mZS060d20210407/procedures.json,/allen/aind/stage/hopkins_data/ZS060/mZS060d20210407/instrument.json,/allen/aind/stage/hopkins_data/ZS060/mZS060d20210407/sorted/session/behavior_ZS060_2021-04-07_15-21-40_nwb.zarr
ZS062_2021-04-11_18-58-53,ZS062,/allen/aind/stage/hopkins_data/ZS062/mZS062d20210411,/allen/aind/stage/hopkins_data/ZS062/mZS062d20210411/acquisition.json,/allen/aind/stage/hopkins_data/ZS062/mZS062d20210411/data_description.json,/allen/aind/stage/hopkins_data/ZS062/mZS062d20210411/subject.json,/allen/aind/stage/hopkins_data/ZS062/mZS062d20210411/procedures.json,/allen/aind/stage/hopkins_data/ZS062/mZS062d20210411/instrument.json,/allen/aind/stage/hopkins_data/ZS062/mZS062d20210411/sorted/session/behavior_ZS062_2021-04-11_18-58-53_nwb.zarr
ZS060_2021-04-16_16-09-11,ZS060,/allen/aind/stage/hopkins_data/ZS060/mZS060d20210416,/allen/aind/stage/hopkins_data/ZS060/mZS060d20210416/acquisition.json,/allen/aind/stage/hopkins_data/ZS060/mZS060d20210416/data_description.json,/allen/aind/stage/hopkins_data/ZS060/mZS060d20210416/subject.json,/allen/aind/stage/hopkins_data/ZS060/mZS060d20210416/procedures.json,/allen/aind/stage/hopkins_data/ZS060/mZS060d20210416/instrument.json,/allen/aind/stage/hopkins_data/ZS060/mZS060d20210416/sorted/session/behavior_ZS060_2021-04-16_16-09-11_nwb.zarr
ZS061_2021-03-23_16-08-12,ZS061,/allen/aind/stage/hopkins_data/ZS061/mZS061d20210323,/allen/aind/stage/hopkins_data/ZS061/mZS061d20210323/acquisition.json,/allen/aind/stage/hopkins_data/ZS061/mZS061d20210323/data_description.json,/allen/aind/stage/hopkins_data/ZS061/mZS061d20210323/subject.json,/allen/aind/stage/hopkins_data/ZS061/mZS061d20210323/procedures.json,/allen/aind/stage/hopkins_data/ZS061/mZS061d20210323/instrument.json,/allen/aind/stage/hopkins_data/ZS061/mZS061d20210323/sorted/session/behavior_ZS061_2021-03-23_16-08-12_nwb.zarr
ZS061_2021-04-09_18-19-29,ZS061,/allen/aind/stage/hopkins_data/ZS061/mZS061d20210409,/allen/aind/stage/hopkins_data/ZS061/mZS061d20210409/acquisition.json,/allen/aind/stage/hopkins_data/ZS061/mZS061d20210409/data_description.json,/allen/aind/stage/hopkins_data/ZS061/mZS061d20210409/subject.json,/allen/aind/stage/hopkins_data/ZS061/mZS061d20210409/procedures.json,/allen/aind/stage/hopkins_data/ZS061/mZS061d20210409/instrument.json,/allen/aind/stage/hopkins_data/ZS061/mZS061d20210409/sorted/session/behavior_ZS061_2021-04-09_18-19-29_nwb.zarr
ZS061_2021-03-17_16-00-53,ZS061,/allen/aind/stage/hopkins_data/ZS061/mZS061d20210317,/allen/aind/stage/hopkins_data/ZS061/mZS061d20210317/acquisition.json,/allen/aind/stage/hopkins_data/ZS061/mZS061d20210317/data_description.json,/allen/aind/stage/hopkins_data/ZS061/mZS061d20210317/subject.json,/allen/aind/stage/hopkins_data/ZS061/mZS061d20210317/procedures.json,/allen/aind/stage/hopkins_data/ZS061/mZS061d20210317/instrument.json,/allen/aind/stage/hopkins_data/ZS061/mZS061d20210317/sorted/session/behavior_ZS061_2021-03-17_16-00-53_nwb.zarr
ZS059_2021-04-23_14-57-50,ZS059,/allen/aind/stage/hopkins_data/ZS059/mZS059d20210423,/allen/aind/stage/hopkins_data/ZS059/mZS059d20210423/acquisition.json,/allen/aind/stage/hopkins_data/ZS059/mZS059d20210423/data_description.json,/allen/aind/stage/hopkins_data/ZS059/mZS059d20210423/subject.json,/allen/aind/stage/hopkins_data/ZS059/mZS059d20210423/procedures.json,/allen/aind/stage/hopkins_data/ZS059/mZS059d20210423/instrument.json,/allen/aind/stage/hopkins_data/ZS059/mZS059d20210423/sorted/session/behavior_ZS059_2021-04-23_14-57-50_nwb.zarr
ZS061_2021-03-30_16-57-26,ZS061,/allen/aind/stage/hopkins_data/ZS061/mZS061d20210330,/allen/aind/stage/hopkins_data/ZS061/mZS061d20210330/acquisition.json,/allen/aind/stage/hopkins_data/ZS061/mZS061d20210330/data_description.json,/allen/aind/stage/hopkins_data/ZS061/mZS061d20210330/subject.json,/allen/aind/stage/hopkins_data/ZS061/mZS061d20210330/procedures.json,/allen/aind/stage/hopkins_data/ZS061/mZS061d20210330/instrument.json,/allen/aind/stage/hopkins_data/ZS061/mZS061d20210330/sorted/session/behavior_ZS061_2021-03-30_16-57-26_nwb.zarr
ZS060_2021-03-27_17-11-43,ZS060,/allen/aind/stage/hopkins_data/ZS060/mZS060d20210327,/allen/aind/stage/hopkins_data/ZS060/mZS060d20210327/acquisition.json,/allen/aind/stage/hopkins_data/ZS060/mZS060d20210327/data_description.json,/allen/aind/stage/hopkins_data/ZS060/mZS060d20210327/subject.json,/allen/aind/stage/hopkins_data/ZS060/mZS060d20210327/procedures.json,/allen/aind/stage/hopkins_data/ZS060/mZS060d20210327/instrument.json,/allen/aind/stage/hopkins_data/ZS060/mZS060d20210327/sorted/session/behavior_ZS060_2021-03-27_17-11-43_nwb.zarr
ZS061_2021-04-18_18-32-58,ZS061,/allen/aind/stage/hopkins_data/ZS061/mZS061d20210418,/allen/aind/stage/hopkins_data/ZS061/mZS061d20210418/acquisition.json,/allen/aind/stage/hopkins_data/ZS061/mZS061d20210418/data_description.json,/allen/aind/stage/hopkins_data/ZS061/mZS061d20210418/subject.json,/allen/aind/stage/hopkins_data/ZS061/mZS061d20210418/procedures.json,/allen/aind/stage/hopkins_data/ZS061/mZS061d20210418/instrument.json,/allen/aind/stage/hopkins_data/ZS061/mZS061d20210418/sorted/session/behavior_ZS061_2021-04-18_18-32-58_nwb.zarr
ZS061_2021-03-25_17-12-27,ZS061,/allen/aind/stage/hopkins_data/ZS061/mZS061d20210325,/allen/aind/stage/hopkins_data/ZS061/mZS061d20210325/acquisition.json,/allen/aind/stage/hopkins_data/ZS061/mZS061d20210325/data_description.json,/allen/aind/stage/hopkins_data/ZS061/mZS061d20210325/subject.json,/allen/aind/stage/hopkins_data/ZS061/mZS061d20210325/procedures.json,/allen/aind/stage/hopkins_data/ZS061/mZS061d20210325/instrument.json,/allen/aind/stage/hopkins_data/ZS061/mZS061d20210325/sorted/session/behavior_ZS061_2021-03-25_17-12-27_nwb.zarr
ZS062_2021-04-07_17-58-07,ZS062,/allen/aind/stage/hopkins_data/ZS062/mZS062d20210407,/allen/aind/stage/hopkins_data/ZS062/mZS062d20210407/acquisition.json,/allen/aind/stage/hopkins_data/ZS062/mZS062d20210407/data_description.json,/allen/aind/stage/hopkins_data/ZS062/mZS062d20210407/subject.json,/allen/aind/stage/hopkins_data/ZS062/mZS062d20210407/procedures.json,/allen/aind/stage/hopkins_data/ZS062/mZS062d20210407/instrument.json,/allen/aind/stage/hopkins_data/ZS062/mZS062d20210407/sorted/session/behavior_ZS062_2021-04-07_17-58-07_nwb.zarr
ZS062_2021-04-13_19-35-13,ZS062,/allen/aind/stage/hopkins_data/ZS062/mZS062d20210413,/allen/aind/stage/hopkins_data/ZS062/mZS062d20210413/acquisition.json,/allen/aind/stage/hopkins_data/ZS062/mZS062d20210413/data_description.json,/allen/aind/stage/hopkins_data/ZS062/mZS062d20210413/subject.json,/allen/aind/stage/hopkins_data/ZS062/mZS062d20210413/procedures.json,/allen/aind/stage/hopkins_data/ZS062/mZS062d20210413/instrument.json,/allen/aind/stage/hopkins_data/ZS062/mZS062d20210413/sorted/session/behavior_ZS062_2021-04-13_19-35-13_nwb.zarr
ZS060_2021-03-21_16-15-00,ZS060,/allen/aind/stage/hopkins_data/ZS060/mZS060d20210321,/allen/aind/stage/hopkins_data/ZS060/mZS060d20210321/acquisition.json,/allen/aind/stage/hopkins_data/ZS060/mZS060d20210321/data_description.json,/allen/aind/stage/hopkins_data/ZS060/mZS060d20210321/subject.json,/allen/aind/stage/hopkins_data/ZS060/mZS060d20210321/procedures.json,/allen/aind/stage/hopkins_data/ZS060/mZS060d20210321/instrument.json,/allen/aind/stage/hopkins_data/ZS060/mZS060d20210321/sorted/session/behavior_ZS060_2021-03-21_16-15-00_nwb.zarr
ZS062_2021-05-04_14-29-20,ZS062,/allen/aind/stage/hopkins_data/ZS062/mZS062d20210504,/allen/aind/stage/hopkins_data/ZS062/mZS062d20210504/acquisition.json,/allen/aind/stage/hopkins_data/ZS062/mZS062d20210504/data_description.json,/allen/aind/stage/hopkins_data/ZS062/mZS062d20210504/subject.json,/allen/aind/stage/hopkins_data/ZS062/mZS062d20210504/procedures.json,/allen/aind/stage/hopkins_data/ZS062/mZS062d20210504/instrument.json,/allen/aind/stage/hopkins_data/ZS062/mZS062d20210504/sorted/session/behavior_ZS062_2021-05-04_14-29-20_nwb.zarr
ZS060_2021-04-21_19-23-52,ZS060,/allen/aind/stage/hopkins_data/ZS060/mZS060d20210421,/allen/aind/stage/hopkins_data/ZS060/mZS060d20210421/acquisition.json,/allen/aind/stage/hopkins_data/ZS060/mZS060d20210421/data_description.json,/allen/aind/stage/hopkins_data/ZS060/mZS060d20210421/subject.json,/allen/aind/stage/hopkins_data/ZS060/mZS060d20210421/procedures.json,/allen/aind/stage/hopkins_data/ZS060/mZS060d20210421/instrument.json,/allen/aind/stage/hopkins_data/ZS060/mZS060d20210421/sorted/session/behavior_ZS060_2021-04-21_19-23-52_nwb.zarr
ZS061_2021-03-27_18-20-45,ZS061,/allen/aind/stage/hopkins_data/ZS061/mZS061d20210327,/allen/aind/stage/hopkins_data/ZS061/mZS061d20210327/acquisition.json,/allen/aind/stage/hopkins_data/ZS061/mZS061d20210327/data_description.json,/allen/aind/stage/hopkins_data/ZS061/mZS061d20210327/subject.json,/allen/aind/stage/hopkins_data/ZS061/mZS061d20210327/procedures.json,/allen/aind/stage/hopkins_data/ZS061/mZS061d20210327/instrument.json,/allen/aind/stage/hopkins_data/ZS061/mZS061d20210327/sorted/session/behavior_ZS061_2021-03-27_18-20-45_nwb.zarr
ZS060_2021-03-26_14-50-00,ZS060,/allen/aind/stage/hopkins_data/ZS060/mZS060d20210326,/allen/aind/stage/hopkins_data/ZS060/mZS060d20210326/acquisition.json,/allen/aind/stage/hopkins_data/ZS060/mZS060d20210326/data_description.json,/allen/aind/stage/hopkins_data/ZS060/mZS060d20210326/subject.json,/allen/aind/stage/hopkins_data/ZS060/mZS060d20210326/procedures.json,/allen/aind/stage/hopkins_data/ZS060/mZS060d20210326/instrument.json,/allen/aind/stage/hopkins_data/ZS060/mZS060d20210326/sorted/session/behavior_ZS060_2021-03-26_14-50-00_nwb.zarr
ZS061_2021-04-22_16-25-00,ZS061,/allen/aind/stage/hopkins_data/ZS061/mZS061d20210422,/allen/aind/stage/hopkins_data/ZS061/mZS061d20210422/acquisition.json,/allen/aind/stage/hopkins_data/ZS061/mZS061d20210422/data_description.json,/allen/aind/stage/hopkins_data/ZS061/mZS061d20210422/subject.json,/allen/aind/stage/hopkins_data/ZS061/mZS061d20210422/procedures.json,/allen/aind/stage/hopkins_data/ZS061/mZS061d20210422/instrument.json,/allen/aind/stage/hopkins_data/ZS061/mZS061d20210422/sorted/session/behavior_ZS061_2021-04-22_12-00-00_nwb.zarr
ZS062_2021-04-04_18-59-47,ZS062,/allen/aind/stage/hopkins_data/ZS062/mZS062d20210404,/allen/aind/stage/hopkins_data/ZS062/mZS062d20210404/acquisition.json,/allen/aind/stage/hopkins_data/ZS062/mZS062d20210404/data_description.json,/allen/aind/stage/hopkins_data/ZS062/mZS062d20210404/subject.json,/allen/aind/stage/hopkins_data/ZS062/mZS062d20210404/procedures.json,/allen/aind/stage/hopkins_data/ZS062/mZS062d20210404/instrument.json,/allen/aind/stage/hopkins_data/ZS062/mZS062d20210404/sorted/session/behavior_ZS062_2021-04-04_18-59-47_nwb.zarr
ZS062_2021-04-12_18-46-29,ZS062,/allen/aind/stage/hopkins_data/ZS062/mZS062d20210412,/allen/aind/stage/hopkins_data/ZS062/mZS062d20210412/acquisition.json,/allen/aind/stage/hopkins_data/ZS062/mZS062d20210412/data_description.json,/allen/aind/stage/hopkins_data/ZS062/mZS062d20210412/subject.json,/allen/aind/stage/hopkins_data/ZS062/mZS062d20210412/procedures.json,/allen/aind/stage/hopkins_data/ZS062/mZS062d20210412/instrument.json,/allen/aind/stage/hopkins_data/ZS062/mZS062d20210412/sorted/session/behavior_ZS062_2021-04-12_18-46-29_nwb.zarr
ZS061_2021-04-19_18-31-40,ZS061,/allen/aind/stage/hopkins_data/ZS061/mZS061d20210419,/allen/aind/stage/hopkins_data/ZS061/mZS061d20210419/acquisition.json,/allen/aind/stage/hopkins_data/ZS061/mZS061d20210419/data_description.json,/allen/aind/stage/hopkins_data/ZS061/mZS061d20210419/subject.json,/allen/aind/stage/hopkins_data/ZS061/mZS061d20210419/procedures.json,/allen/aind/stage/hopkins_data/ZS061/mZS061d20210419/instrument.json,/allen/aind/stage/hopkins_data/ZS061/mZS061d20210419/sorted/session/behavior_ZS061_2021-04-19_18-31-40_nwb.zarr
ZS059_2021-04-12_14-57-43,ZS059,/allen/aind/stage/hopkins_data/ZS059/mZS059d20210412,/allen/aind/stage/hopkins_data/ZS059/mZS059d20210412/acquisition.json,/allen/aind/stage/hopkins_data/ZS059/mZS059d20210412/data_description.json,/allen/aind/stage/hopkins_data/ZS059/mZS059d20210412/subject.json,/allen/aind/stage/hopkins_data/ZS059/mZS059d20210412/procedures.json,/allen/aind/stage/hopkins_data/ZS059/mZS059d20210412/instrument.json,/allen/aind/stage/hopkins_data/ZS059/mZS059d20210412/sorted/session/behavior_ZS059_2021-04-12_14-57-43_nwb.zarr
ZS061_2021-04-15_16-45-44,ZS061,/allen/aind/stage/hopkins_data/ZS061/mZS061d20210415,/allen/aind/stage/hopkins_data/ZS061/mZS061d20210415/acquisition.json,/allen/aind/stage/hopkins_data/ZS061/mZS061d20210415/data_description.json,/allen/aind/stage/hopkins_data/ZS061/mZS061d20210415/subject.json,/allen/aind/stage/hopkins_data/ZS061/mZS061d20210415/procedures.json,/allen/aind/stage/hopkins_data/ZS061/mZS061d20210415/instrument.json,/allen/aind/stage/hopkins_data/ZS061/mZS061d20210415/sorted/session/behavior_ZS061_2021-04-15_16-45-44_nwb.zarr
ZS060_2021-04-12_15-57-59,ZS060,/allen/aind/stage/hopkins_data/ZS060/mZS060d20210412,/allen/aind/stage/hopkins_data/ZS060/mZS060d20210412/acquisition.json,/allen/aind/stage/hopkins_data/ZS060/mZS060d20210412/data_description.json,/allen/aind/stage/hopkins_data/ZS060/mZS060d20210412/subject.json,/allen/aind/stage/hopkins_data/ZS060/mZS060d20210412/procedures.json,/allen/aind/stage/hopkins_data/ZS060/mZS060d20210412/instrument.json,/allen/aind/stage/hopkins_data/ZS060/mZS060d20210412/sorted/session/behavior_ZS060_2021-04-12_15-57-59_nwb.zarr
ZS060_2021-04-03_17-45-00,ZS060,/allen/aind/stage/hopkins_data/ZS060/mZS060d20210403,/allen/aind/stage/hopkins_data/ZS060/mZS060d20210403/acquisition.json,/allen/aind/stage/hopkins_data/ZS060/mZS060d20210403/data_description.json,/allen/aind/stage/hopkins_data/ZS060/mZS060d20210403/subject.json,/allen/aind/stage/hopkins_data/ZS060/mZS060d20210403/procedures.json,/allen/aind/stage/hopkins_data/ZS060/mZS060d20210403/instrument.json,/allen/aind/stage/hopkins_data/ZS060/mZS060d20210403/sorted/session/behavior_ZS060_2021-04-03_17-45-00_nwb.zarr
ZS059_2021-04-02_15-05-16,ZS059,/allen/aind/stage/hopkins_data/ZS059/mZS059d20210402,/allen/aind/stage/hopkins_data/ZS059/mZS059d20210402/acquisition.json,/allen/aind/stage/hopkins_data/ZS059/mZS059d20210402/data_description.json,/allen/aind/stage/hopkins_data/ZS059/mZS059d20210402/subject.json,/allen/aind/stage/hopkins_data/ZS059/mZS059d20210402/procedures.json,/allen/aind/stage/hopkins_data/ZS059/mZS059d20210402/instrument.json,/allen/aind/stage/hopkins_data/ZS059/mZS059d20210402/sorted/session/behavior_ZS059_2021-04-02_15-05-16_nwb.zarr
ZS059_2021-04-24_15-38-10,ZS059,/allen/aind/stage/hopkins_data/ZS059/mZS059d20210424,/allen/aind/stage/hopkins_data/ZS059/mZS059d20210424/acquisition.json,/allen/aind/stage/hopkins_data/ZS059/mZS059d20210424/data_description.json,/allen/aind/stage/hopkins_data/ZS059/mZS059d20210424/subject.json,/allen/aind/stage/hopkins_data/ZS059/mZS059d20210424/procedures.json,/allen/aind/stage/hopkins_data/ZS059/mZS059d20210424/instrument.json,/allen/aind/stage/hopkins_data/ZS059/mZS059d20210424/sorted/session/behavior_ZS059_2021-04-24_15-38-10_nwb.zarr
ZS062_2021-05-07_17-38-21,ZS062,/allen/aind/stage/hopkins_data/ZS062/mZS062d20210507,/allen/aind/stage/hopkins_data/ZS062/mZS062d20210507/acquisition.json,/allen/aind/stage/hopkins_data/ZS062/mZS062d20210507/data_description.json,/allen/aind/stage/hopkins_data/ZS062/mZS062d20210507/subject.json,/allen/aind/stage/hopkins_data/ZS062/mZS062d20210507/procedures.json,/allen/aind/stage/hopkins_data/ZS062/mZS062d20210507/instrument.json,/allen/aind/stage/hopkins_data/ZS062/mZS062d20210507/sorted/session/behavior_ZS062_2021-05-07_17-38-21_nwb.zarr
ZS059_2021-04-03_16-30-45,ZS059,/allen/aind/stage/hopkins_data/ZS059/mZS059d20210403,/allen/aind/stage/hopkins_data/ZS059/mZS059d20210403/acquisition.json,/allen/aind/stage/hopkins_data/ZS059/mZS059d20210403/data_description.json,/allen/aind/stage/hopkins_data/ZS059/mZS059d20210403/subject.json,/allen/aind/stage/hopkins_data/ZS059/mZS059d20210403/procedures.json,/allen/aind/stage/hopkins_data/ZS059/mZS059d20210403/instrument.json,/allen/aind/stage/hopkins_data/ZS059/mZS059d20210403/sorted/session/behavior_ZS059_2021-04-03_16-30-45_nwb.zarr
ZS062_2021-04-18_19-52-39,ZS062,/allen/aind/stage/hopkins_data/ZS062/mZS062d20210418,/allen/aind/stage/hopkins_data/ZS062/mZS062d20210418/acquisition.json,/allen/aind/stage/hopkins_data/ZS062/mZS062d20210418/data_description.json,/allen/aind/stage/hopkins_data/ZS062/mZS062d20210418/subject.json,/allen/aind/stage/hopkins_data/ZS062/mZS062d20210418/procedures.json,/allen/aind/stage/hopkins_data/ZS062/mZS062d20210418/instrument.json,/allen/aind/stage/hopkins_data/ZS062/mZS062d20210418/sorted/session/behavior_ZS062_2021-04-18_19-52-39_nwb.zarr
ZS060_2021-04-11_16-41-30,ZS060,/allen/aind/stage/hopkins_data/ZS060/mZS060d20210411,/allen/aind/stage/hopkins_data/ZS060/mZS060d20210411/acquisition.json,/allen/aind/stage/hopkins_data/ZS060/mZS060d20210411/data_description.json,/allen/aind/stage/hopkins_data/ZS060/mZS060d20210411/subject.json,/allen/aind/stage/hopkins_data/ZS060/mZS060d20210411/procedures.json,/allen/aind/stage/hopkins_data/ZS060/mZS060d20210411/instrument.json,/allen/aind/stage/hopkins_data/ZS060/mZS060d20210411/sorted/session/behavior_ZS060_2021-04-11_16-41-30_nwb.zarr
ZS062_2021-04-21_18-15-30,ZS062,/allen/aind/stage/hopkins_data/ZS062/mZS062d20210421,/allen/aind/stage/hopkins_data/ZS062/mZS062d20210421/acquisition.json,/allen/aind/stage/hopkins_data/ZS062/mZS062d20210421/data_description.json,/allen/aind/stage/hopkins_data/ZS062/mZS062d20210421/subject.json,/allen/aind/stage/hopkins_data/ZS062/mZS062d20210421/procedures.json,/allen/aind/stage/hopkins_data/ZS062/mZS062d20210421/instrument.json,/allen/aind/stage/hopkins_data/ZS062/mZS062d20210421/sorted/session/behavior_ZS062_2021-04-21_18-15-30_nwb.zarr
ZS059_2021-04-20_14-50-03,ZS059,/allen/aind/stage/hopkins_data/ZS059/mZS059d20210420,/allen/aind/stage/hopkins_data/ZS059/mZS059d20210420/acquisition.json,/allen/aind/stage/hopkins_data/ZS059/mZS059d20210420/data_description.json,/allen/aind/stage/hopkins_data/ZS059/mZS059d20210420/subject.json,/allen/aind/stage/hopkins_data/ZS059/mZS059d20210420/procedures.json,/allen/aind/stage/hopkins_data/ZS059/mZS059d20210420/instrument.json,/allen/aind/stage/hopkins_data/ZS059/mZS059d20210420/sorted/session/behavior_ZS059_2021-04-20_14-50-03_nwb.zarr
ZS059_2021-04-17_15-44-53,ZS059,/allen/aind/stage/hopkins_data/ZS059/mZS059d20210417,/allen/aind/stage/hopkins_data/ZS059/mZS059d20210417/acquisition.json,/allen/aind/stage/hopkins_data/ZS059/mZS059d20210417/data_description.json,/allen/aind/stage/hopkins_data/ZS059/mZS059d20210417/subject.json,/allen/aind/stage/hopkins_data/ZS059/mZS059d20210417/procedures.json,/allen/aind/stage/hopkins_data/ZS059/mZS059d20210417/instrument.json,/allen/aind/stage/hopkins_data/ZS059/mZS059d20210417/sorted/session/behavior_ZS059_2021-04-17_15-44-53_nwb.zarr
ZS062_2021-04-10_19-16-30,ZS062,/allen/aind/stage/hopkins_data/ZS062/mZS062d20210410,/allen/aind/stage/hopkins_data/ZS062/mZS062d20210410/acquisition.json,/allen/aind/stage/hopkins_data/ZS062/mZS062d20210410/data_description.json,/allen/aind/stage/hopkins_data/ZS062/mZS062d20210410/subject.json,/allen/aind/stage/hopkins_data/ZS062/mZS062d20210410/procedures.json,/allen/aind/stage/hopkins_data/ZS062/mZS062d20210410/instrument.json,/allen/aind/stage/hopkins_data/ZS062/mZS062d20210410/sorted/session/behavior_ZS062_2021-04-10_19-16-30_nwb.zarr
ZS062_2021-03-28_17-40-42,ZS062,/allen/aind/stage/hopkins_data/ZS062/mZS062d20210328,/allen/aind/stage/hopkins_data/ZS062/mZS062d20210328/acquisition.json,/allen/aind/stage/hopkins_data/ZS062/mZS062d20210328/data_description.json,/allen/aind/stage/hopkins_data/ZS062/mZS062d20210328/subject.json,/allen/aind/stage/hopkins_data/ZS062/mZS062d20210328/procedures.json,/allen/aind/stage/hopkins_data/ZS062/mZS062d20210328/instrument.json,/allen/aind/stage/hopkins_data/ZS062/mZS062d20210328/sorted/session/behavior_ZS062_2021-03-28_17-40-42_nwb.zarr
ZS061_2021-05-01_18-28-14,ZS061,/allen/aind/stage/hopkins_data/ZS061/mZS061d20210501,/allen/aind/stage/hopkins_data/ZS061/mZS061d20210501/acquisition.json,/allen/aind/stage/hopkins_data/ZS061/mZS061d20210501/data_description.json,/allen/aind/stage/hopkins_data/ZS061/mZS061d20210501/subject.json,/allen/aind/stage/hopkins_data/ZS061/mZS061d20210501/procedures.json,/allen/aind/stage/hopkins_data/ZS061/mZS061d20210501/instrument.json,/allen/aind/stage/hopkins_data/ZS061/mZS061d20210501/sorted/session/behavior_ZS061_2021-05-01_18-28-14_nwb.zarr
ZS060_2021-04-14_18-15-27,ZS060,/allen/aind/stage/hopkins_data/ZS060/mZS060d20210414,/allen/aind/stage/hopkins_data/ZS060/mZS060d20210414/acquisition.json,/allen/aind/stage/hopkins_data/ZS060/mZS060d20210414/data_description.json,/allen/aind/stage/hopkins_data/ZS060/mZS060d20210414/subject.json,/allen/aind/stage/hopkins_data/ZS060/mZS060d20210414/procedures.json,/allen/aind/stage/hopkins_data/ZS060/mZS060d20210414/instrument.json,/allen/aind/stage/hopkins_data/ZS060/mZS060d20210414/sorted/session/behavior_ZS060_2021-04-14_18-15-27_nwb.zarr
ZS059_2021-04-01_14-17-46,ZS059,/allen/aind/stage/hopkins_data/ZS059/mZS059d20210401,/allen/aind/stage/hopkins_data/ZS059/mZS059d20210401/acquisition.json,/allen/aind/stage/hopkins_data/ZS059/mZS059d20210401/data_description.json,/allen/aind/stage/hopkins_data/ZS059/mZS059d20210401/subject.json,/allen/aind/stage/hopkins_data/ZS059/mZS059d20210401/procedures.json,/allen/aind/stage/hopkins_data/ZS059/mZS059d20210401/instrument.json,/allen/aind/stage/hopkins_data/ZS059/mZS059d20210401/sorted/session/behavior_ZS059_2021-04-01_14-17-46_nwb.zarr
ZS061_2021-03-26_17-28-33,ZS061,/allen/aind/stage/hopkins_data/ZS061/mZS061d20210326,/allen/aind/stage/hopkins_data/ZS061/mZS061d20210326/acquisition.json,/allen/aind/stage/hopkins_data/ZS061/mZS061d20210326/data_description.json,/allen/aind/stage/hopkins_data/ZS061/mZS061d20210326/subject.json,/allen/aind/stage/hopkins_data/ZS061/mZS061d20210326/procedures.json,/allen/aind/stage/hopkins_data/ZS061/mZS061d20210326/instrument.json,/allen/aind/stage/hopkins_data/ZS061/mZS061d20210326/sorted/session/behavior_ZS061_2021-03-26_17-28-33_nwb.zarr
ZS059_2021-03-26_13-52-11,ZS059,/allen/aind/stage/hopkins_data/ZS059/mZS059d20210326,/allen/aind/stage/hopkins_data/ZS059/mZS059d20210326/acquisition.json,/allen/aind/stage/hopkins_data/ZS059/mZS059d20210326/data_description.json,/allen/aind/stage/hopkins_data/ZS059/mZS059d20210326/subject.json,/allen/aind/stage/hopkins_data/ZS059/mZS059d20210326/procedures.json,/allen/aind/stage/hopkins_data/ZS059/mZS059d20210326/instrument.json,/allen/aind/stage/hopkins_data/ZS059/mZS059d20210326/sorted/session/behavior_ZS059_2021-03-26_13-52-11_nwb.zarr
ZS062_2021-03-25_18-44-20,ZS062,/allen/aind/stage/hopkins_data/ZS062/mZS062d20210325,/allen/aind/stage/hopkins_data/ZS062/mZS062d20210325/acquisition.json,/allen/aind/stage/hopkins_data/ZS062/mZS062d20210325/data_description.json,/allen/aind/stage/hopkins_data/ZS062/mZS062d20210325/subject.json,/allen/aind/stage/hopkins_data/ZS062/mZS062d20210325/procedures.json,/allen/aind/stage/hopkins_data/ZS062/mZS062d20210325/instrument.json,/allen/aind/stage/hopkins_data/ZS062/mZS062d20210325/sorted/session/behavior_ZS062_2021-03-25_18-44-20_nwb.zarr
ZS062_2021-04-05_19-25-39,ZS062,/allen/aind/stage/hopkins_data/ZS062/mZS062d20210405,/allen/aind/stage/hopkins_data/ZS062/mZS062d20210405/acquisition.json,/allen/aind/stage/hopkins_data/ZS062/mZS062d20210405/data_description.json,/allen/aind/stage/hopkins_data/ZS062/mZS062d20210405/subject.json,/allen/aind/stage/hopkins_data/ZS062/mZS062d20210405/procedures.json,/allen/aind/stage/hopkins_data/ZS062/mZS062d20210405/instrument.json,/allen/aind/stage/hopkins_data/ZS062/mZS062d20210405/sorted/session/behavior_ZS062_2021-04-05_19-25-39_nwb.zarr
ZS059_2021-04-10_15-55-11,ZS059,/allen/aind/stage/hopkins_data/ZS059/mZS059d20210410,/allen/aind/stage/hopkins_data/ZS059/mZS059d20210410/acquisition.json,/allen/aind/stage/hopkins_data/ZS059/mZS059d20210410/data_description.json,/allen/aind/stage/hopkins_data/ZS059/mZS059d20210410/subject.json,/allen/aind/stage/hopkins_data/ZS059/mZS059d20210410/procedures.json,/allen/aind/stage/hopkins_data/ZS059/mZS059d20210410/instrument.json,/allen/aind/stage/hopkins_data/ZS059/mZS059d20210410/sorted/session/behavior_ZS059_2021-04-10_15-55-11_nwb.zarr
ZS059_2021-03-29_14-41-57,ZS059,/allen/aind/stage/hopkins_data/ZS059/mZS059d20210329,/allen/aind/stage/hopkins_data/ZS059/mZS059d20210329/acquisition.json,/allen/aind/stage/hopkins_data/ZS059/mZS059d20210329/data_description.json,/allen/aind/stage/hopkins_data/ZS059/mZS059d20210329/subject.json,/allen/aind/stage/hopkins_data/ZS059/mZS059d20210329/procedures.json,/allen/aind/stage/hopkins_data/ZS059/mZS059d20210329/instrument.json,/allen/aind/stage/hopkins_data/ZS059/mZS059d20210329/sorted/session/behavior_ZS059_2021-03-29_14-41-57_nwb.zarr
ZS062_2021-04-02_19-08-52,ZS062,/allen/aind/stage/hopkins_data/ZS062/mZS062d20210402,/allen/aind/stage/hopkins_data/ZS062/mZS062d20210402/acquisition.json,/allen/aind/stage/hopkins_data/ZS062/mZS062d20210402/data_description.json,/allen/aind/stage/hopkins_data/ZS062/mZS062d20210402/subject.json,/allen/aind/stage/hopkins_data/ZS062/mZS062d20210402/procedures.json,/allen/aind/stage/hopkins_data/ZS062/mZS062d20210402/instrument.json,/allen/aind/stage/hopkins_data/ZS062/mZS062d20210402/sorted/session/behavior_ZS062_2021-04-02_19-08-52_nwb.zarr
ZS062_2021-05-10_19-15-51,ZS062,/allen/aind/stage/hopkins_data/ZS062/mZS062d20210510,/allen/aind/stage/hopkins_data/ZS062/mZS062d20210510/acquisition.json,/allen/aind/stage/hopkins_data/ZS062/mZS062d20210510/data_description.json,/allen/aind/stage/hopkins_data/ZS062/mZS062d20210510/subject.json,/allen/aind/stage/hopkins_data/ZS062/mZS062d20210510/procedures.json,/allen/aind/stage/hopkins_data/ZS062/mZS062d20210510/instrument.json,/allen/aind/stage/hopkins_data/ZS062/mZS062d20210510/sorted/session/behavior_ZS062_2021-05-10_19-15-51_nwb.zarr
ZS061_2021-04-22_12-00-00,ZS061,/allen/aind/stage/hopkins_data/ZS061/mZS061d20210422,/allen/aind/stage/hopkins_data/ZS061/mZS061d20210422/acquisition.json,/allen/aind/stage/hopkins_data/ZS061/mZS061d20210422/data_description.json,/allen/aind/stage/hopkins_data/ZS061/mZS061d20210422/subject.json,/allen/aind/stage/hopkins_data/ZS061/mZS061d20210422/procedures.json,/allen/aind/stage/hopkins_data/ZS061/mZS061d20210422/instrument.json,/allen/aind/stage/hopkins_data/ZS061/mZS061d20210422/sorted/session/behavior_ZS061_2021-04-22_12-00-00_nwb.zarr
ZS061_2021-03-24_17-24-09,ZS061,/allen/aind/stage/hopkins_data/ZS061/mZS061d20210324,/allen/aind/stage/hopkins_data/ZS061/mZS061d20210324/acquisition.json,/allen/aind/stage/hopkins_data/ZS061/mZS061d20210324/data_description.json,/allen/aind/stage/hopkins_data/ZS061/mZS061d20210324/subject.json,/allen/aind/stage/hopkins_data/ZS061/mZS061d20210324/procedures.json,/allen/aind/stage/hopkins_data/ZS061/mZS061d20210324/instrument.json,/allen/aind/stage/hopkins_data/ZS061/mZS061d20210324/sorted/session/behavior_ZS061_2021-03-24_17-24-09_nwb.zarr
ZS059_2021-03-27_16-03-00,ZS059,/allen/aind/stage/hopkins_data/ZS059/mZS059d20210327,/allen/aind/stage/hopkins_data/ZS059/mZS059d20210327/acquisition.json,/allen/aind/stage/hopkins_data/ZS059/mZS059d20210327/data_description.json,/allen/aind/stage/hopkins_data/ZS059/mZS059d20210327/subject.json,/allen/aind/stage/hopkins_data/ZS059/mZS059d20210327/procedures.json,/allen/aind/stage/hopkins_data/ZS059/mZS059d20210327/instrument.json,/allen/aind/stage/hopkins_data/ZS059/mZS059d20210327/sorted/session/behavior_ZS059_2021-03-27_16-03-00_nwb.zarr
ZS061_2021-04-20_15-49-57,ZS061,/allen/aind/stage/hopkins_data/ZS061/mZS061d20210420,/allen/aind/stage/hopkins_data/ZS061/mZS061d20210420/acquisition.json,/allen/aind/stage/hopkins_data/ZS061/mZS061d20210420/data_description.json,/allen/aind/stage/hopkins_data/ZS061/mZS061d20210420/subject.json,/allen/aind/stage/hopkins_data/ZS061/mZS061d20210420/procedures.json,/allen/aind/stage/hopkins_data/ZS061/mZS061d20210420/instrument.json,/allen/aind/stage/hopkins_data/ZS061/mZS061d20210420/sorted/session/behavior_ZS061_2021-04-20_15-49-57_nwb.zarr
ZS059_2021-04-14_14-51-04,ZS059,/allen/aind/stage/hopkins_data/ZS059/mZS059d20210414,/allen/aind/stage/hopkins_data/ZS059/mZS059d20210414/acquisition.json,/allen/aind/stage/hopkins_data/ZS059/mZS059d20210414/data_description.json,/allen/aind/stage/hopkins_data/ZS059/mZS059d20210414/subject.json,/allen/aind/stage/hopkins_data/ZS059/mZS059d20210414/procedures.json,/allen/aind/stage/hopkins_data/ZS059/mZS059d20210414/instrument.json,/allen/aind/stage/hopkins_data/ZS059/mZS059d20210414/sorted/session/behavior_ZS059_2021-04-14_14-51-04_nwb.zarr
ZS061_2021-04-07_16-47-22,ZS061,/allen/aind/stage/hopkins_data/ZS061/mZS061d20210407,/allen/aind/stage/hopkins_data/ZS061/mZS061d20210407/acquisition.json,/allen/aind/stage/hopkins_data/ZS061/mZS061d20210407/data_description.json,/allen/aind/stage/hopkins_data/ZS061/mZS061d20210407/subject.json,/allen/aind/stage/hopkins_data/ZS061/mZS061d20210407/procedures.json,/allen/aind/stage/hopkins_data/ZS061/mZS061d20210407/instrument.json,/allen/aind/stage/hopkins_data/ZS061/mZS061d20210407/sorted/session/behavior_ZS061_2021-04-07_16-47-22_nwb.zarr
ZS060_2021-04-23_18-34-53,ZS060,/allen/aind/stage/hopkins_data/ZS060/mZS060d20210423,/allen/aind/stage/hopkins_data/ZS060/mZS060d20210423/acquisition.json,/allen/aind/stage/hopkins_data/ZS060/mZS060d20210423/data_description.json,/allen/aind/stage/hopkins_data/ZS060/mZS060d20210423/subject.json,/allen/aind/stage/hopkins_data/ZS060/mZS060d20210423/procedures.json,/allen/aind/stage/hopkins_data/ZS060/mZS060d20210423/instrument.json,/allen/aind/stage/hopkins_data/ZS060/mZS060d20210423/sorted/session/behavior_ZS060_2021-04-23_18-34-53_nwb.zarr
ZS061_2021-04-03_18-50-29,ZS061,/allen/aind/stage/hopkins_data/ZS061/mZS061d20210403,/allen/aind/stage/hopkins_data/ZS061/mZS061d20210403/acquisition.json,/allen/aind/stage/hopkins_data/ZS061/mZS061d20210403/data_description.json,/allen/aind/stage/hopkins_data/ZS061/mZS061d20210403/subject.json,/allen/aind/stage/hopkins_data/ZS061/mZS061d20210403/procedures.json,/allen/aind/stage/hopkins_data/ZS061/mZS061d20210403/instrument.json,/allen/aind/stage/hopkins_data/ZS061/mZS061d20210403/sorted/session/behavior_ZS061_2021-04-03_18-50-29_nwb.zarr
ZS062_2021-04-22_17-18-06,ZS062,/allen/aind/stage/hopkins_data/ZS062/mZS062d20210422,/allen/aind/stage/hopkins_data/ZS062/mZS062d20210422/acquisition.json,/allen/aind/stage/hopkins_data/ZS062/mZS062d20210422/data_description.json,/allen/aind/stage/hopkins_data/ZS062/mZS062d20210422/subject.json,/allen/aind/stage/hopkins_data/ZS062/mZS062d20210422/procedures.json,/allen/aind/stage/hopkins_data/ZS062/mZS062d20210422/instrument.json,/allen/aind/stage/hopkins_data/ZS062/mZS062d20210422/sorted/session/behavior_ZS062_2021-04-22_17-18-06_nwb.zarr
ZS060_2021-03-24_12-00-00,ZS060,/allen/aind/stage/hopkins_data/ZS060/mZS060d20210324,/allen/aind/stage/hopkins_data/ZS060/mZS060d20210324/acquisition.json,/allen/aind/stage/hopkins_data/ZS060/mZS060d20210324/data_description.json,/allen/aind/stage/hopkins_data/ZS060/mZS060d20210324/subject.json,/allen/aind/stage/hopkins_data/ZS060/mZS060d20210324/procedures.json,/allen/aind/stage/hopkins_data/ZS060/mZS060d20210324/instrument.json,/allen/aind/stage/hopkins_data/ZS060/mZS060d20210324/sorted/session/behavior_ZS060_2021-03-24_12-00-00_nwb.zarr
ZS062_2021-05-05_16-34-46,ZS062,/allen/aind/stage/hopkins_data/ZS062/mZS062d20210505,/allen/aind/stage/hopkins_data/ZS062/mZS062d20210505/acquisition.json,/allen/aind/stage/hopkins_data/ZS062/mZS062d20210505/data_description.json,/allen/aind/stage/hopkins_data/ZS062/mZS062d20210505/subject.json,/allen/aind/stage/hopkins_data/ZS062/mZS062d20210505/procedures.json,/allen/aind/stage/hopkins_data/ZS062/mZS062d20210505/instrument.json,/allen/aind/stage/hopkins_data/ZS062/mZS062d20210505/sorted/session/behavior_ZS062_2021-05-05_16-34-46_nwb.zarr
ZS062_2021-04-09_19-27-26,ZS062,/allen/aind/stage/hopkins_data/ZS062/mZS062d20210409,/allen/aind/stage/hopkins_data/ZS062/mZS062d20210409/acquisition.json,/allen/aind/stage/hopkins_data/ZS062/mZS062d20210409/data_description.json,/allen/aind/stage/hopkins_data/ZS062/mZS062d20210409/subject.json,/allen/aind/stage/hopkins_data/ZS062/mZS062d20210409/procedures.json,/allen/aind/stage/hopkins_data/ZS062/mZS062d20210409/instrument.json,/allen/aind/stage/hopkins_data/ZS062/mZS062d20210409/sorted/session/behavior_ZS062_2021-04-09_19-27-26_nwb.zarr
ZS061_2021-04-30_17-06-18,ZS061,/allen/aind/stage/hopkins_data/ZS061/mZS061d20210430,/allen/aind/stage/hopkins_data/ZS061/mZS061d20210430/acquisition.json,/allen/aind/stage/hopkins_data/ZS061/mZS061d20210430/data_description.json,/allen/aind/stage/hopkins_data/ZS061/mZS061d20210430/subject.json,/allen/aind/stage/hopkins_data/ZS061/mZS061d20210430/procedures.json,/allen/aind/stage/hopkins_data/ZS061/mZS061d20210430/instrument.json,/allen/aind/stage/hopkins_data/ZS061/mZS061d20210430/sorted/session/behavior_ZS061_2021-04-30_17-06-18_nwb.zarr
ZS062_2021-04-29_17-36-37,ZS062,/allen/aind/stage/hopkins_data/ZS062/mZS062d20210429,/allen/aind/stage/hopkins_data/ZS062/mZS062d20210429/acquisition.json,/allen/aind/stage/hopkins_data/ZS062/mZS062d20210429/data_description.json,/allen/aind/stage/hopkins_data/ZS062/mZS062d20210429/subject.json,/allen/aind/stage/hopkins_data/ZS062/mZS062d20210429/procedures.json,/allen/aind/stage/hopkins_data/ZS062/mZS062d20210429/instrument.json,/allen/aind/stage/hopkins_data/ZS062/mZS062d20210429/sorted/session/behavior_ZS062_2021-04-29_17-36-37_nwb.zarr
ZS059_2021-04-19_14-42-16,ZS059,/allen/aind/stage/hopkins_data/ZS059/mZS059d20210419,/allen/aind/stage/hopkins_data/ZS059/mZS059d20210419/acquisition.json,/allen/aind/stage/hopkins_data/ZS059/mZS059d20210419/data_description.json,/allen/aind/stage/hopkins_data/ZS059/mZS059d20210419/subject.json,/allen/aind/stage/hopkins_data/ZS059/mZS059d20210419/procedures.json,/allen/aind/stage/hopkins_data/ZS059/mZS059d20210419/instrument.json,/allen/aind/stage/hopkins_data/ZS059/mZS059d20210419/sorted/session/behavior_ZS059_2021-04-19_14-42-16_nwb.zarr
ZS059_2021-03-31_14-32-51,ZS059,/allen/aind/stage/hopkins_data/ZS059/mZS059d20210331,/allen/aind/stage/hopkins_data/ZS059/mZS059d20210331/acquisition.json,/allen/aind/stage/hopkins_data/ZS059/mZS059d20210331/data_description.json,/allen/aind/stage/hopkins_data/ZS059/mZS059d20210331/subject.json,/allen/aind/stage/hopkins_data/ZS059/mZS059d20210331/procedures.json,/allen/aind/stage/hopkins_data/ZS059/mZS059d20210331/instrument.json,/allen/aind/stage/hopkins_data/ZS059/mZS059d20210331/sorted/session/behavior_ZS059_2021-03-31_14-32-51_nwb.zarr
ZS061_2021-03-22_17-35-53,ZS061,/allen/aind/stage/hopkins_data/ZS061/mZS061d20210322,/allen/aind/stage/hopkins_data/ZS061/mZS061d20210322/acquisition.json,/allen/aind/stage/hopkins_data/ZS061/mZS061d20210322/data_description.json,/allen/aind/stage/hopkins_data/ZS061/mZS061d20210322/subject.json,/allen/aind/stage/hopkins_data/ZS061/mZS061d20210322/procedures.json,/allen/aind/stage/hopkins_data/ZS061/mZS061d20210322/instrument.json,/allen/aind/stage/hopkins_data/ZS061/mZS061d20210322/sorted/session/behavior_ZS061_2021-03-22_17-35-53_nwb.zarr
ZS061_2021-04-16_17-08-59,ZS061,/allen/aind/stage/hopkins_data/ZS061/mZS061d20210416,/allen/aind/stage/hopkins_data/ZS061/mZS061d20210416/acquisition.json,/allen/aind/stage/hopkins_data/ZS061/mZS061d20210416/data_description.json,/allen/aind/stage/hopkins_data/ZS061/mZS061d20210416/subject.json,/allen/aind/stage/hopkins_data/ZS061/mZS061d20210416/procedures.json,/allen/aind/stage/hopkins_data/ZS061/mZS061d20210416/instrument.json,/allen/aind/stage/hopkins_data/ZS061/mZS061d20210416/sorted/session/behavior_ZS061_2021-04-16_17-08-59_nwb.zarr
ZS062_2021-04-01_17-49-36,ZS062,/allen/aind/stage/hopkins_data/ZS062/mZS062d20210401,/allen/aind/stage/hopkins_data/ZS062/mZS062d20210401/acquisition.json,/allen/aind/stage/hopkins_data/ZS062/mZS062d20210401/data_description.json,/allen/aind/stage/hopkins_data/ZS062/mZS062d20210401/subject.json,/allen/aind/stage/hopkins_data/ZS062/mZS062d20210401/procedures.json,/allen/aind/stage/hopkins_data/ZS062/mZS062d20210401/instrument.json,/allen/aind/stage/hopkins_data/ZS062/mZS062d20210401/sorted/session/behavior_ZS062_2021-04-01_17-49-36_nwb.zarr
ZS061_2021-04-27_18-19-52,ZS061,/allen/aind/stage/hopkins_data/ZS061/mZS061d20210427,/allen/aind/stage/hopkins_data/ZS061/mZS061d20210427/acquisition.json,/allen/aind/stage/hopkins_data/ZS061/mZS061d20210427/data_description.json,/allen/aind/stage/hopkins_data/ZS061/mZS061d20210427/subject.json,/allen/aind/stage/hopkins_data/ZS061/mZS061d20210427/procedures.json,/allen/aind/stage/hopkins_data/ZS061/mZS061d20210427/instrument.json,/allen/aind/stage/hopkins_data/ZS061/mZS061d20210427/sorted/session/behavior_ZS061_2021-04-27_18-19-52_nwb.zarr
ZS061_2021-04-10_18-01-14,ZS061,/allen/aind/stage/hopkins_data/ZS061/mZS061d20210410,/allen/aind/stage/hopkins_data/ZS061/mZS061d20210410/acquisition.json,/allen/aind/stage/hopkins_data/ZS061/mZS061d20210410/data_description.json,/allen/aind/stage/hopkins_data/ZS061/mZS061d20210410/subject.json,/allen/aind/stage/hopkins_data/ZS061/mZS061d20210410/procedures.json,/allen/aind/stage/hopkins_data/ZS061/mZS061d20210410/instrument.json,/allen/aind/stage/hopkins_data/ZS061/mZS061d20210410/sorted/session/behavior_ZS061_2021-04-10_18-01-14_nwb.zarr
ZS059_2021-04-07_13-58-21,ZS059,/allen/aind/stage/hopkins_data/ZS059/mZS059d20210407,/allen/aind/stage/hopkins_data/ZS059/mZS059d20210407/acquisition.json,/allen/aind/stage/hopkins_data/ZS059/mZS059d20210407/data_description.json,/allen/aind/stage/hopkins_data/ZS059/mZS059d20210407/subject.json,/allen/aind/stage/hopkins_data/ZS059/mZS059d20210407/procedures.json,/allen/aind/stage/hopkins_data/ZS059/mZS059d20210407/instrument.json,/allen/aind/stage/hopkins_data/ZS059/mZS059d20210407/sorted/session/behavior_ZS059_2021-04-07_13-58-21_nwb.zarr
ZS059_2021-03-24_14-22-04,ZS059,/allen/aind/stage/hopkins_data/ZS059/mZS059d20210324,/allen/aind/stage/hopkins_data/ZS059/mZS059d20210324/acquisition.json,/allen/aind/stage/hopkins_data/ZS059/mZS059d20210324/data_description.json,/allen/aind/stage/hopkins_data/ZS059/mZS059d20210324/subject.json,/allen/aind/stage/hopkins_data/ZS059/mZS059d20210324/procedures.json,/allen/aind/stage/hopkins_data/ZS059/mZS059d20210324/instrument.json,/allen/aind/stage/hopkins_data/ZS059/mZS059d20210324/sorted/session/behavior_ZS059_2021-03-24_14-22-04_nwb.zarr
ZS061_2021-04-28_16-35-50,ZS061,/allen/aind/stage/hopkins_data/ZS061/mZS061d20210428,/allen/aind/stage/hopkins_data/ZS061/mZS061d20210428/acquisition.json,/allen/aind/stage/hopkins_data/ZS061/mZS061d20210428/data_description.json,/allen/aind/stage/hopkins_data/ZS061/mZS061d20210428/subject.json,/allen/aind/stage/hopkins_data/ZS061/mZS061d20210428/procedures.json,/allen/aind/stage/hopkins_data/ZS061/mZS061d20210428/instrument.json,/allen/aind/stage/hopkins_data/ZS061/mZS061d20210428/sorted/session/behavior_ZS061_2021-04-28_16-35-50_nwb.zarr
ZS061_2021-04-17_16-50-25,ZS061,/allen/aind/stage/hopkins_data/ZS061/mZS061d20210417,/allen/aind/stage/hopkins_data/ZS061/mZS061d20210417/acquisition.json,/allen/aind/stage/hopkins_data/ZS061/mZS061d20210417/data_description.json,/allen/aind/stage/hopkins_data/ZS061/mZS061d20210417/subject.json,/allen/aind/stage/hopkins_data/ZS061/mZS061d20210417/procedures.json,/allen/aind/stage/hopkins_data/ZS061/mZS061d20210417/instrument.json,/allen/aind/stage/hopkins_data/ZS061/mZS061d20210417/sorted/session/behavior_ZS061_2021-04-17_16-50-25_nwb.zarr
ZS060_2021-04-28_15-16-45,ZS060,/allen/aind/stage/hopkins_data/ZS060/mZS060d20210428,/allen/aind/stage/hopkins_data/ZS060/mZS060d20210428/acquisition.json,/allen/aind/stage/hopkins_data/ZS060/mZS060d20210428/data_description.json,/allen/aind/stage/hopkins_data/ZS060/mZS060d20210428/subject.json,/allen/aind/stage/hopkins_data/ZS060/mZS060d20210428/procedures.json,/allen/aind/stage/hopkins_data/ZS060/mZS060d20210428/instrument.json,/allen/aind/stage/hopkins_data/ZS060/mZS060d20210428/sorted/session/behavior_ZS060_2021-04-28_15-16-45_nwb.zarr
ZS059_2021-04-05_14-33-48,ZS059,/allen/aind/stage/hopkins_data/ZS059/mZS059d20210405,/allen/aind/stage/hopkins_data/ZS059/mZS059d20210405/acquisition.json,/allen/aind/stage/hopkins_data/ZS059/mZS059d20210405/data_description.json,/allen/aind/stage/hopkins_data/ZS059/mZS059d20210405/subject.json,/allen/aind/stage/hopkins_data/ZS059/mZS059d20210405/procedures.json,/allen/aind/stage/hopkins_data/ZS059/mZS059d20210405/instrument.json,/allen/aind/stage/hopkins_data/ZS059/mZS059d20210405/sorted/session/behavior_ZS059_2021-04-05_14-33-48_nwb.zarr
ZS061_2021-03-19_17-52-45,ZS061,/allen/aind/stage/hopkins_data/ZS061/mZS061d20210319,/allen/aind/stage/hopkins_data/ZS061/mZS061d20210319/acquisition.json,/allen/aind/stage/hopkins_data/ZS061/mZS061d20210319/data_description.json,/allen/aind/stage/hopkins_data/ZS061/mZS061d20210319/subject.json,/allen/aind/stage/hopkins_data/ZS061/mZS061d20210319/procedures.json,/allen/aind/stage/hopkins_data/ZS061/mZS061d20210319/instrument.json,/allen/aind/stage/hopkins_data/ZS061/mZS061d20210319/sorted/session/behavior_ZS061_2021-03-19_17-52-45_nwb.zarr
ZS059_2021-04-15_15-29-28,ZS059,/allen/aind/stage/hopkins_data/ZS059/mZS059d20210415,/allen/aind/stage/hopkins_data/ZS059/mZS059d20210415/acquisition.json,/allen/aind/stage/hopkins_data/ZS059/mZS059d20210415/data_description.json,/allen/aind/stage/hopkins_data/ZS059/mZS059d20210415/subject.json,/allen/aind/stage/hopkins_data/ZS059/mZS059d20210415/procedures.json,/allen/aind/stage/hopkins_data/ZS059/mZS059d20210415/instrument.json,/allen/aind/stage/hopkins_data/ZS059/mZS059d20210415/sorted/session/behavior_ZS059_2021-04-15_15-29-28_nwb.zarr
ZS060_2021-04-02_16-30-00,ZS060,/allen/aind/stage/hopkins_data/ZS060/mZS060d20210402,/allen/aind/stage/hopkins_data/ZS060/mZS060d20210402/acquisition.json,/allen/aind/stage/hopkins_data/ZS060/mZS060d20210402/data_description.json,/allen/aind/stage/hopkins_data/ZS060/mZS060d20210402/subject.json,/allen/aind/stage/hopkins_data/ZS060/mZS060d20210402/procedures.json,/allen/aind/stage/hopkins_data/ZS060/mZS060d20210402/instrument.json,/allen/aind/stage/hopkins_data/ZS060/mZS060d20210402/sorted/session/behavior_ZS060_2021-04-02_16-30-00_nwb.zarr
ZS062_2021-04-25_18-53-35,ZS062,/allen/aind/stage/hopkins_data/ZS062/mZS062d20210425,/allen/aind/stage/hopkins_data/ZS062/mZS062d20210425/acquisition.json,/allen/aind/stage/hopkins_data/ZS062/mZS062d20210425/data_description.json,/allen/aind/stage/hopkins_data/ZS062/mZS062d20210425/subject.json,/allen/aind/stage/hopkins_data/ZS062/mZS062d20210425/procedures.json,/allen/aind/stage/hopkins_data/ZS062/mZS062d20210425/instrument.json,/allen/aind/stage/hopkins_data/ZS062/mZS062d20210425/sorted/session/behavior_ZS062_2021-04-25_18-53-35_nwb.zarr
ZS060_2021-04-09_17-07-51,ZS060,/allen/aind/stage/hopkins_data/ZS060/mZS060d20210409,/allen/aind/stage/hopkins_data/ZS060/mZS060d20210409/acquisition.json,/allen/aind/stage/hopkins_data/ZS060/mZS060d20210409/data_description.json,/allen/aind/stage/hopkins_data/ZS060/mZS060d20210409/subject.json,/allen/aind/stage/hopkins_data/ZS060/mZS060d20210409/procedures.json,/allen/aind/stage/hopkins_data/ZS060/mZS060d20210409/instrument.json,/allen/aind/stage/hopkins_data/ZS060/mZS060d20210409/sorted/session/behavior_ZS060_2021-04-09_17-07-51_nwb.zarr
ZS061_2021-03-18_17-39-19,ZS061,/allen/aind/stage/hopkins_data/ZS061/mZS061d20210318,/allen/aind/stage/hopkins_data/ZS061/mZS061d20210318/acquisition.json,/allen/aind/stage/hopkins_data/ZS061/mZS061d20210318/data_description.json,/allen/aind/stage/hopkins_data/ZS061/mZS061d20210318/subject.json,/allen/aind/stage/hopkins_data/ZS061/mZS061d20210318/procedures.json,/allen/aind/stage/hopkins_data/ZS061/mZS061d20210318/instrument.json,/allen/aind/stage/hopkins_data/ZS061/mZS061d20210318/sorted/session/behavior_ZS061_2021-03-18_17-39-19_nwb.zarr
ZS059_2021-03-28_14-18-58,ZS059,/allen/aind/stage/hopkins_data/ZS059/mZS059d20210328,/allen/aind/stage/hopkins_data/ZS059/mZS059d20210328/acquisition.json,/allen/aind/stage/hopkins_data/ZS059/mZS059d20210328/data_description.json,/allen/aind/stage/hopkins_data/ZS059/mZS059d20210328/subject.json,/allen/aind/stage/hopkins_data/ZS059/mZS059d20210328/procedures.json,/allen/aind/stage/hopkins_data/ZS059/mZS059d20210328/instrument.json,/allen/aind/stage/hopkins_data/ZS059/mZS059d20210328/sorted/session/behavior_ZS059_2021-03-28_14-18-58_nwb.zarr
ZS062_2021-04-19_19-36-48,ZS062,/allen/aind/stage/hopkins_data/ZS062/mZS062d20210419,/allen/aind/stage/hopkins_data/ZS062/mZS062d20210419/acquisition.json,/allen/aind/stage/hopkins_data/ZS062/mZS062d20210419/data_description.json,/allen/aind/stage/hopkins_data/ZS062/mZS062d20210419/subject.json,/allen/aind/stage/hopkins_data/ZS062/mZS062d20210419/procedures.json,/allen/aind/stage/hopkins_data/ZS062/mZS062d20210419/instrument.json,/allen/aind/stage/hopkins_data/ZS062/mZS062d20210419/sorted/session/behavior_ZS062_2021-04-19_19-36-48_nwb.zarr
ZS059_2021-03-25_14-40-45,ZS059,/allen/aind/stage/hopkins_data/ZS059/mZS059d20210325,/allen/aind/stage/hopkins_data/ZS059/mZS059d20210325/acquisition.json,/allen/aind/stage/hopkins_data/ZS059/mZS059d20210325/data_description.json,/allen/aind/stage/hopkins_data/ZS059/mZS059d20210325/subject.json,/allen/aind/stage/hopkins_data/ZS059/mZS059d20210325/procedures.json,/allen/aind/stage/hopkins_data/ZS059/mZS059d20210325/instrument.json,/allen/aind/stage/hopkins_data/ZS059/mZS059d20210325/sorted/session/behavior_ZS059_2021-03-25_14-40-45_nwb.zarr
ZS060_2021-04-24_18-50-00,ZS060,/allen/aind/stage/hopkins_data/ZS060/mZS060d20210424,/allen/aind/stage/hopkins_data/ZS060/mZS060d20210424/acquisition.json,/allen/aind/stage/hopkins_data/ZS060/mZS060d20210424/data_description.json,/allen/aind/stage/hopkins_data/ZS060/mZS060d20210424/subject.json,/allen/aind/stage/hopkins_data/ZS060/mZS060d20210424/procedures.json,/allen/aind/stage/hopkins_data/ZS060/mZS060d20210424/instrument.json,/allen/aind/stage/hopkins_data/ZS060/mZS060d20210424/sorted/session/behavior_ZS060_2021-04-24_18-50-00_nwb.zarr
ZS061_2021-03-29_17-48-18,ZS061,/allen/aind/stage/hopkins_data/ZS061/mZS061d20210329,/allen/aind/stage/hopkins_data/ZS061/mZS061d20210329/acquisition.json,/allen/aind/stage/hopkins_data/ZS061/mZS061d20210329/data_description.json,/allen/aind/stage/hopkins_data/ZS061/mZS061d20210329/subject.json,/allen/aind/stage/hopkins_data/ZS061/mZS061d20210329/procedures.json,/allen/aind/stage/hopkins_data/ZS061/mZS061d20210329/instrument.json,/allen/aind/stage/hopkins_data/ZS061/mZS061d20210329/sorted/session/behavior_ZS061_2021-03-29_17-48-18_nwb.zarr
ZS061_2021-04-23_16-13-13,ZS061,/allen/aind/stage/hopkins_data/ZS061/mZS061d20210423,/allen/aind/stage/hopkins_data/ZS061/mZS061d20210423/acquisition.json,/allen/aind/stage/hopkins_data/ZS061/mZS061d20210423/data_description.json,/allen/aind/stage/hopkins_data/ZS061/mZS061d20210423/subject.json,/allen/aind/stage/hopkins_data/ZS061/mZS061d20210423/procedures.json,/allen/aind/stage/hopkins_data/ZS061/mZS061d20210423/instrument.json,/allen/aind/stage/hopkins_data/ZS061/mZS061d20210423/sorted/session/behavior_ZS061_2021-04-23_16-13-13_nwb.zarr
ZS062_2021-05-11_20-10-59,ZS062,/allen/aind/stage/hopkins_data/ZS062/mZS062d20210511,/allen/aind/stage/hopkins_data/ZS062/mZS062d20210511/acquisition.json,/allen/aind/stage/hopkins_data/ZS062/mZS062d20210511/data_description.json,/allen/aind/stage/hopkins_data/ZS062/mZS062d20210511/subject.json,/allen/aind/stage/hopkins_data/ZS062/mZS062d20210511/procedures.json,/allen/aind/stage/hopkins_data/ZS062/mZS062d20210511/instrument.json,/allen/aind/stage/hopkins_data/ZS062/mZS062d20210511/sorted/session/behavior_ZS062_2021-05-11_20-10-59_nwb.zarr
ZS061_2021-04-04_17-43-18,ZS061,/allen/aind/stage/hopkins_data/ZS061/mZS061d20210404,/allen/aind/stage/hopkins_data/ZS061/mZS061d20210404/acquisition.json,/allen/aind/stage/hopkins_data/ZS061/mZS061d20210404/data_description.json,/allen/aind/stage/hopkins_data/ZS061/mZS061d20210404/subject.json,/allen/aind/stage/hopkins_data/ZS061/mZS061d20210404/procedures.json,/allen/aind/stage/hopkins_data/ZS061/mZS061d20210404/instrument.json,/allen/aind/stage/hopkins_data/ZS061/mZS061d20210404/sorted/session/behavior_ZS061_2021-04-04_17-43-18_nwb.zarr
ZS059_2021-04-29_14-02-45,ZS059,/allen/aind/stage/hopkins_data/ZS059/mZS059d20210429,/allen/aind/stage/hopkins_data/ZS059/mZS059d20210429/acquisition.json,/allen/aind/stage/hopkins_data/ZS059/mZS059d20210429/data_description.json,/allen/aind/stage/hopkins_data/ZS059/mZS059d20210429/subject.json,/allen/aind/stage/hopkins_data/ZS059/mZS059d20210429/procedures.json,/allen/aind/stage/hopkins_data/ZS059/mZS059d20210429/instrument.json,/allen/aind/stage/hopkins_data/ZS059/mZS059d20210429/sorted/session/behavior_ZS059_2021-04-29_14-02-45_nwb.zarr
ZS062_2021-04-27_19-23-36,ZS062,/allen/aind/stage/hopkins_data/ZS062/mZS062d20210427,/allen/aind/stage/hopkins_data/ZS062/mZS062d20210427/acquisition.json,/allen/aind/stage/hopkins_data/ZS062/mZS062d20210427/data_description.json,/allen/aind/stage/hopkins_data/ZS062/mZS062d20210427/subject.json,/allen/aind/stage/hopkins_data/ZS062/mZS062d20210427/procedures.json,/allen/aind/stage/hopkins_data/ZS062/mZS062d20210427/instrument.json,/allen/aind/stage/hopkins_data/ZS062/mZS062d20210427/sorted/session/behavior_ZS062_2021-04-27_19-23-36_nwb.zarr
ZS061_2021-04-21_17-03-09,ZS061,/allen/aind/stage/hopkins_data/ZS061/mZS061d20210421,/allen/aind/stage/hopkins_data/ZS061/mZS061d20210421/acquisition.json,/allen/aind/stage/hopkins_data/ZS061/mZS061d20210421/data_description.json,/allen/aind/stage/hopkins_data/ZS061/mZS061d20210421/subject.json,/allen/aind/stage/hopkins_data/ZS061/mZS061d20210421/procedures.json,/allen/aind/stage/hopkins_data/ZS061/mZS061d20210421/instrument.json,/allen/aind/stage/hopkins_data/ZS061/mZS061d20210421/sorted/session/behavior_ZS061_2021-04-21_17-03-09_nwb.zarr
ZS059_2021-04-08_15-53-36,ZS059,/allen/aind/stage/hopkins_data/ZS059/mZS059d20210408,/allen/aind/stage/hopkins_data/ZS059/mZS059d20210408/acquisition.json,/allen/aind/stage/hopkins_data/ZS059/mZS059d20210408/data_description.json,/allen/aind/stage/hopkins_data/ZS059/mZS059d20210408/subject.json,/allen/aind/stage/hopkins_data/ZS059/mZS059d20210408/procedures.json,/allen/aind/stage/hopkins_data/ZS059/mZS059d20210408/instrument.json,/allen/aind/stage/hopkins_data/ZS059/mZS059d20210408/sorted/session/behavior_ZS059_2021-04-08_15-53-36_nwb.zarr
ZS062_2021-05-09_17-15-10,ZS062,/allen/aind/stage/hopkins_data/ZS062/mZS062d20210509,/allen/aind/stage/hopkins_data/ZS062/mZS062d20210509/acquisition.json,/allen/aind/stage/hopkins_data/ZS062/mZS062d20210509/data_description.json,/allen/aind/stage/hopkins_data/ZS062/mZS062d20210509/subject.json,/allen/aind/stage/hopkins_data/ZS062/mZS062d20210509/procedures.json,/allen/aind/stage/hopkins_data/ZS062/mZS062d20210509/instrument.json,/allen/aind/stage/hopkins_data/ZS062/mZS062d20210509/sorted/session/behavior_ZS062_2021-05-09_17-15-10_nwb.zarr
ZS062_2021-03-30_18-30-24,ZS062,/allen/aind/stage/hopkins_data/ZS062/mZS062d20210330,/allen/aind/stage/hopkins_data/ZS062/mZS062d20210330/acquisition.json,/allen/aind/stage/hopkins_data/ZS062/mZS062d20210330/data_description.json,/allen/aind/stage/hopkins_data/ZS062/mZS062d20210330/subject.json,/allen/aind/stage/hopkins_data/ZS062/mZS062d20210330/procedures.json,/allen/aind/stage/hopkins_data/ZS062/mZS062d20210330/instrument.json,/allen/aind/stage/hopkins_data/ZS062/mZS062d20210330/sorted/session/behavior_ZS062_2021-03-30_18-30-24_nwb.zarr
ZS060_2021-03-20_16-20-00,ZS060,/allen/aind/stage/hopkins_data/ZS060/mZS060d20210320,/allen/aind/stage/hopkins_data/ZS060/mZS060d20210320/acquisition.json,/allen/aind/stage/hopkins_data/ZS060/mZS060d20210320/data_description.json,/allen/aind/stage/hopkins_data/ZS060/mZS060d20210320/subject.json,/allen/aind/stage/hopkins_data/ZS060/mZS060d20210320/procedures.json,/allen/aind/stage/hopkins_data/ZS060/mZS060d20210320/instrument.json,/allen/aind/stage/hopkins_data/ZS060/mZS060d20210320/sorted/session/behavior_ZS060_2021-03-20_16-20-00_nwb.zarr
ZS061_2021-04-05_18-01-32,ZS061,/allen/aind/stage/hopkins_data/ZS061/mZS061d20210405,/allen/aind/stage/hopkins_data/ZS061/mZS061d20210405/acquisition.json,/allen/aind/stage/hopkins_data/ZS061/mZS061d20210405/data_description.json,/allen/aind/stage/hopkins_data/ZS061/mZS061d20210405/subject.json,/allen/aind/stage/hopkins_data/ZS061/mZS061d20210405/procedures.json,/allen/aind/stage/hopkins_data/ZS061/mZS061d20210405/instrument.json,/allen/aind/stage/hopkins_data/ZS061/mZS061d20210405/sorted/session/behavior_ZS061_2021-04-05_18-01-32_nwb.zarr
ZS060_2021-03-24_15-40-00,ZS060,/allen/aind/stage/hopkins_data/ZS060/mZS060d20210324,/allen/aind/stage/hopkins_data/ZS060/mZS060d20210324/acquisition.json,/allen/aind/stage/hopkins_data/ZS060/mZS060d20210324/data_description.json,/allen/aind/stage/hopkins_data/ZS060/mZS060d20210324/subject.json,/allen/aind/stage/hopkins_data/ZS060/mZS060d20210324/procedures.json,/allen/aind/stage/hopkins_data/ZS060/mZS060d20210324/instrument.json,/allen/aind/stage/hopkins_data/ZS060/mZS060d20210324/sorted/session/behavior_ZS060_2021-03-24_12-00-00_nwb.zarr
ZS061_2021-04-06_16-13-38,ZS061,/allen/aind/stage/hopkins_data/ZS061/mZS061d20210406,/allen/aind/stage/hopkins_data/ZS061/mZS061d20210406/acquisition.json,/allen/aind/stage/hopkins_data/ZS061/mZS061d20210406/data_description.json,/allen/aind/stage/hopkins_data/ZS061/mZS061d20210406/subject.json,/allen/aind/stage/hopkins_data/ZS061/mZS061d20210406/procedures.json,/allen/aind/stage/hopkins_data/ZS061/mZS061d20210406/instrument.json,/allen/aind/stage/hopkins_data/ZS061/mZS061d20210406/sorted/session/behavior_ZS061_2021-04-06_16-13-38_nwb.zarr
ZS061_2021-04-12_17-26-54,ZS061,/allen/aind/stage/hopkins_data/ZS061/mZS061d20210412,/allen/aind/stage/hopkins_data/ZS061/mZS061d20210412/acquisition.json,/allen/aind/stage/hopkins_data/ZS061/mZS061d20210412/data_description.json,/allen/aind/stage/hopkins_data/ZS061/mZS061d20210412/subject.json,/allen/aind/stage/hopkins_data/ZS061/mZS061d20210412/procedures.json,/allen/aind/stage/hopkins_data/ZS061/mZS061d20210412/instrument.json,/allen/aind/stage/hopkins_data/ZS061/mZS061d20210412/sorted/session/behavior_ZS061_2021-04-12_17-26-54_nwb.zarr
ZS062_2021-04-06_18-46-42,ZS062,/allen/aind/stage/hopkins_data/ZS062/mZS062d20210406,/allen/aind/stage/hopkins_data/ZS062/mZS062d20210406/acquisition.json,/allen/aind/stage/hopkins_data/ZS062/mZS062d20210406/data_description.json,/allen/aind/stage/hopkins_data/ZS062/mZS062d20210406/subject.json,/allen/aind/stage/hopkins_data/ZS062/mZS062d20210406/procedures.json,/allen/aind/stage/hopkins_data/ZS062/mZS062d20210406/instrument.json,/allen/aind/stage/hopkins_data/ZS062/mZS062d20210406/sorted/session/behavior_ZS062_2021-04-06_18-46-42_nwb.zarr
ZS060_2021-03-25_16-00-00,ZS060,/allen/aind/stage/hopkins_data/ZS060/mZS060d20210325,/allen/aind/stage/hopkins_data/ZS060/mZS060d20210325/acquisition.json,/allen/aind/stage/hopkins_data/ZS060/mZS060d20210325/data_description.json,/allen/aind/stage/hopkins_data/ZS060/mZS060d20210325/subject.json,/allen/aind/stage/hopkins_data/ZS060/mZS060d20210325/procedures.json,/allen/aind/stage/hopkins_data/ZS060/mZS060d20210325/instrument.json,/allen/aind/stage/hopkins_data/ZS060/mZS060d20210325/sorted/session/behavior_ZS060_2021-03-25_16-00-00_nwb.zarr
ZS059_2021-04-16_14-50-15,ZS059,/allen/aind/stage/hopkins_data/ZS059/mZS059d20210416,/allen/aind/stage/hopkins_data/ZS059/mZS059d20210416/acquisition.json,/allen/aind/stage/hopkins_data/ZS059/mZS059d20210416/data_description.json,/allen/aind/stage/hopkins_data/ZS059/mZS059d20210416/subject.json,/allen/aind/stage/hopkins_data/ZS059/mZS059d20210416/procedures.json,/allen/aind/stage/hopkins_data/ZS059/mZS059d20210416/instrument.json,/allen/aind/stage/hopkins_data/ZS059/mZS059d20210416/sorted/session/behavior_ZS059_2021-04-16_14-50-15_nwb.zarr
ZS060_2021-04-08_16-55-35,ZS060,/allen/aind/stage/hopkins_data/ZS060/mZS060d20210408,/allen/aind/stage/hopkins_data/ZS060/mZS060d20210408/acquisition.json,/allen/aind/stage/hopkins_data/ZS060/mZS060d20210408/data_description.json,/allen/aind/stage/hopkins_data/ZS060/mZS060d20210408/subject.json,/allen/aind/stage/hopkins_data/ZS060/mZS060d20210408/procedures.json,/allen/aind/stage/hopkins_data/ZS060/mZS060d20210408/instrument.json,/allen/aind/stage/hopkins_data/ZS060/mZS060d20210408/sorted/session/behavior_ZS060_2021-04-08_16-55-35_nwb.zarr
ZS059_2021-04-11_15-41-45,ZS059,/allen/aind/stage/hopkins_data/ZS059/mZS059d20210411,/allen/aind/stage/hopkins_data/ZS059/mZS059d20210411/acquisition.json,/allen/aind/stage/hopkins_data/ZS059/mZS059d20210411/data_description.json,/allen/aind/stage/hopkins_data/ZS059/mZS059d20210411/subject.json,/allen/aind/stage/hopkins_data/ZS059/mZS059d20210411/procedures.json,/allen/aind/stage/hopkins_data/ZS059/mZS059d20210411/instrument.json,/allen/aind/stage/hopkins_data/ZS059/mZS059d20210411/sorted/session/behavior_ZS059_2021-04-11_15-41-45_nwb.zarr
ZS060_2021-04-25_19-51-06,ZS060,/allen/aind/stage/hopkins_data/ZS060/mZS060d20210425,/allen/aind/stage/hopkins_data/ZS060/mZS060d20210425/acquisition.json,/allen/aind/stage/hopkins_data/ZS060/mZS060d20210425/data_description.json,/allen/aind/stage/hopkins_data/ZS060/mZS060d20210425/subject.json,/allen/aind/stage/hopkins_data/ZS060/mZS060d20210425/procedures.json,/allen/aind/stage/hopkins_data/ZS060/mZS060d20210425/instrument.json,/allen/aind/stage/hopkins_data/ZS060/mZS060d20210425/sorted/session/behavior_ZS060_2021-04-25_19-51-06_nwb.zarr
ZS061_2021-04-24_16-48-52,ZS061,/allen/aind/stage/hopkins_data/ZS061/mZS061d20210424,/allen/aind/stage/hopkins_data/ZS061/mZS061d20210424/acquisition.json,/allen/aind/stage/hopkins_data/ZS061/mZS061d20210424/data_description.json,/allen/aind/stage/hopkins_data/ZS061/mZS061d20210424/subject.json,/allen/aind/stage/hopkins_data/ZS061/mZS061d20210424/procedures.json,/allen/aind/stage/hopkins_data/ZS061/mZS061d20210424/instrument.json,/allen/aind/stage/hopkins_data/ZS061/mZS061d20210424/sorted/session/behavior_ZS061_2021-04-24_16-48-52_nwb.zarr
ZS059_2021-04-27_15-12-43,ZS059,/allen/aind/stage/hopkins_data/ZS059/mZS059d20210427,/allen/aind/stage/hopkins_data/ZS059/mZS059d20210427/acquisition.json,/allen/aind/stage/hopkins_data/ZS059/mZS059d20210427/data_description.json,/allen/aind/stage/hopkins_data/ZS059/mZS059d20210427/subject.json,/allen/aind/stage/hopkins_data/ZS059/mZS059d20210427/procedures.json,/allen/aind/stage/hopkins_data/ZS059/mZS059d20210427/instrument.json,/allen/aind/stage/hopkins_data/ZS059/mZS059d20210427/sorted/session/behavior_ZS059_2021-04-27_15-12-43_nwb.zarr
ZS062_2021-04-14_17-07-51,ZS062,/allen/aind/stage/hopkins_data/ZS062/mZS062d20210414,/allen/aind/stage/hopkins_data/ZS062/mZS062d20210414/acquisition.json,/allen/aind/stage/hopkins_data/ZS062/mZS062d20210414/data_description.json,/allen/aind/stage/hopkins_data/ZS062/mZS062d20210414/subject.json,/allen/aind/stage/hopkins_data/ZS062/mZS062d20210414/procedures.json,/allen/aind/stage/hopkins_data/ZS062/mZS062d20210414/instrument.json,/allen/aind/stage/hopkins_data/ZS062/mZS062d20210414/sorted/session/behavior_ZS062_2021-04-14_17-07-51_nwb.zarr
ZS060_2021-04-04_16-30-00,ZS060,/allen/aind/stage/hopkins_data/ZS060/mZS060d20210404,/allen/aind/stage/hopkins_data/ZS060/mZS060d20210404/acquisition.json,/allen/aind/stage/hopkins_data/ZS060/mZS060d20210404/data_description.json,/allen/aind/stage/hopkins_data/ZS060/mZS060d20210404/subject.json,/allen/aind/stage/hopkins_data/ZS060/mZS060d20210404/procedures.json,/allen/aind/stage/hopkins_data/ZS060/mZS060d20210404/instrument.json,/allen/aind/stage/hopkins_data/ZS060/mZS060d20210404/sorted/session/behavior_ZS060_2021-04-04_16-30-00_nwb.zarr
ZS061_2021-04-26_18-08-01,ZS061,/allen/aind/stage/hopkins_data/ZS061/mZS061d20210426,/allen/aind/stage/hopkins_data/ZS061/mZS061d20210426/acquisition.json,/allen/aind/stage/hopkins_data/ZS061/mZS061d20210426/data_description.json,/allen/aind/stage/hopkins_data/ZS061/mZS061d20210426/subject.json,/allen/aind/stage/hopkins_data/ZS061/mZS061d20210426/procedures.json,/allen/aind/stage/hopkins_data/ZS061/mZS061d20210426/instrument.json,/allen/aind/stage/hopkins_data/ZS061/mZS061d20210426/sorted/session/behavior_ZS061_2021-04-26_18-08-01_nwb.zarr
ZS062_2021-04-08_19-07-10,ZS062,/allen/aind/stage/hopkins_data/ZS062/mZS062d20210408,/allen/aind/stage/hopkins_data/ZS062/mZS062d20210408/acquisition.json,/allen/aind/stage/hopkins_data/ZS062/mZS062d20210408/data_description.json,/allen/aind/stage/hopkins_data/ZS062/mZS062d20210408/subject.json,/allen/aind/stage/hopkins_data/ZS062/mZS062d20210408/procedures.json,/allen/aind/stage/hopkins_data/ZS062/mZS062d20210408/instrument.json,/allen/aind/stage/hopkins_data/ZS062/mZS062d20210408/sorted/session/behavior_ZS062_2021-04-08_19-07-10_nwb.zarr
ZS062_2021-03-27_19-15-29,ZS062,/allen/aind/stage/hopkins_data/ZS062/mZS062d20210327,/allen/aind/stage/hopkins_data/ZS062/mZS062d20210327/acquisition.json,/allen/aind/stage/hopkins_data/ZS062/mZS062d20210327/data_description.json,/allen/aind/stage/hopkins_data/ZS062/mZS062d20210327/subject.json,/allen/aind/stage/hopkins_data/ZS062/mZS062d20210327/procedures.json,/allen/aind/stage/hopkins_data/ZS062/mZS062d20210327/instrument.json,/allen/aind/stage/hopkins_data/ZS062/mZS062d20210327/sorted/session/behavior_ZS062_2021-03-27_19-15-29_nwb.zarr
ZS062_2021-03-26_18-45-54,ZS062,/allen/aind/stage/hopkins_data/ZS062/mZS062d20210326,/allen/aind/stage/hopkins_data/ZS062/mZS062d20210326/acquisition.json,/allen/aind/stage/hopkins_data/ZS062/mZS062d20210326/data_description.json,/allen/aind/stage/hopkins_data/ZS062/mZS062d20210326/subject.json,/allen/aind/stage/hopkins_data/ZS062/mZS062d20210326/procedures.json,/allen/aind/stage/hopkins_data/ZS062/mZS062d20210326/instrument.json,/allen/aind/stage/hopkins_data/ZS062/mZS062d20210326/sorted/session/behavior_ZS062_2021-03-26_18-45-54_nwb.zarr
ZS061_2021-04-08_18-01-30,ZS061,/allen/aind/stage/hopkins_data/ZS061/mZS061d20210408,/allen/aind/stage/hopkins_data/ZS061/mZS061d20210408/acquisition.json,/allen/aind/stage/hopkins_data/ZS061/mZS061d20210408/data_description.json,/allen/aind/stage/hopkins_data/ZS061/mZS061d20210408/subject.json,/allen/aind/stage/hopkins_data/ZS061/mZS061d20210408/procedures.json,/allen/aind/stage/hopkins_data/ZS061/mZS061d20210408/instrument.json,/allen/aind/stage/hopkins_data/ZS061/mZS061d20210408/sorted/session/behavior_ZS061_2021-04-08_18-01-30_nwb.zarr
ZS061_2021-03-16_15-30-00,ZS061,/allen/aind/stage/hopkins_data/ZS061/mZS061d20210316,/allen/aind/stage/hopkins_data/ZS061/mZS061d20210316/acquisition.json,/allen/aind/stage/hopkins_data/ZS061/mZS061d20210316/data_description.json,/allen/aind/stage/hopkins_data/ZS061/mZS061d20210316/subject.json,/allen/aind/stage/hopkins_data/ZS061/mZS061d20210316/procedures.json,/allen/aind/stage/hopkins_data/ZS061/mZS061d20210316/instrument.json,/allen/aind/stage/hopkins_data/ZS061/mZS061d20210316/sorted/session/behavior_ZS061_2021-03-16_15-30-00_nwb.zarr
ZS060_2021-04-22_18-30-00,ZS060,/allen/aind/stage/hopkins_data/ZS060/mZS060d20210422,/allen/aind/stage/hopkins_data/ZS060/mZS060d20210422/acquisition.json,/allen/aind/stage/hopkins_data/ZS060/mZS060d20210422/data_description.json,/allen/aind/stage/hopkins_data/ZS060/mZS060d20210422/subject.json,/allen/aind/stage/hopkins_data/ZS060/mZS060d20210422/procedures.json,/allen/aind/stage/hopkins_data/ZS060/mZS060d20210422/instrument.json,/allen/aind/stage/hopkins_data/ZS060/mZS060d20210422/sorted/session/behavior_ZS060_2021-04-22_18-30-00_nwb.zarr
ZS060_2021-04-01_15-30-00,ZS060,/allen/aind/stage/hopkins_data/ZS060/mZS060d20210401,/allen/aind/stage/hopkins_data/ZS060/mZS060d20210401/acquisition.json,/allen/aind/stage/hopkins_data/ZS060/mZS060d20210401/data_description.json,/allen/aind/stage/hopkins_data/ZS060/mZS060d20210401/subject.json,/allen/aind/stage/hopkins_data/ZS060/mZS060d20210401/procedures.json,/allen/aind/stage/hopkins_data/ZS060/mZS060d20210401/instrument.json,/allen/aind/stage/hopkins_data/ZS060/mZS060d20210401/sorted/session/behavior_ZS060_2021-04-01_15-30-00_nwb.zarr
ZS059_2021-04-18_17-26-19,ZS059,/allen/aind/stage/hopkins_data/ZS059/mZS059d20210418,/allen/aind/stage/hopkins_data/ZS059/mZS059d20210418/acquisition.json,/allen/aind/stage/hopkins_data/ZS059/mZS059d20210418/data_description.json,/allen/aind/stage/hopkins_data/ZS059/mZS059d20210418/subject.json,/allen/aind/stage/hopkins_data/ZS059/mZS059d20210418/procedures.json,/allen/aind/stage/hopkins_data/ZS059/mZS059d20210418/instrument.json,/allen/aind/stage/hopkins_data/ZS059/mZS059d20210418/sorted/session/behavior_ZS059_2021-04-18_17-26-19_nwb.zarr
ZS060_2021-04-27_16-21-43,ZS060,/allen/aind/stage/hopkins_data/ZS060/mZS060d20210427,/allen/aind/stage/hopkins_data/ZS060/mZS060d20210427/acquisition.json,/allen/aind/stage/hopkins_data/ZS060/mZS060d20210427/data_description.json,/allen/aind/stage/hopkins_data/ZS060/mZS060d20210427/subject.json,/allen/aind/stage/hopkins_data/ZS060/mZS060d20210427/procedures.json,/allen/aind/stage/hopkins_data/ZS060/mZS060d20210427/instrument.json,/allen/aind/stage/hopkins_data/ZS060/mZS060d20210427/sorted/session/behavior_ZS060_2021-04-27_16-21-43_nwb.zarr
ZS061_2021-04-29_16-18-51,ZS061,/allen/aind/stage/hopkins_data/ZS061/mZS061d20210429,/allen/aind/stage/hopkins_data/ZS061/mZS061d20210429/acquisition.json,/allen/aind/stage/hopkins_data/ZS061/mZS061d20210429/data_description.json,/allen/aind/stage/hopkins_data/ZS061/mZS061d20210429/subject.json,/allen/aind/stage/hopkins_data/ZS061/mZS061d20210429/procedures.json,/allen/aind/stage/hopkins_data/ZS061/mZS061d20210429/instrument.json,/allen/aind/stage/hopkins_data/ZS061/mZS061d20210429/sorted/session/behavior_ZS061_2021-04-29_16-18-51_nwb.zarr
ZS062_2021-04-17_18-06-40,ZS062,/allen/aind/stage/hopkins_data/ZS062/mZS062d20210417,/allen/aind/stage/hopkins_data/ZS062/mZS062d20210417/acquisition.json,/allen/aind/stage/hopkins_data/ZS062/mZS062d20210417/data_description.json,/allen/aind/stage/hopkins_data/ZS062/mZS062d20210417/subject.json,/allen/aind/stage/hopkins_data/ZS062/mZS062d20210417/procedures.json,/allen/aind/stage/hopkins_data/ZS062/mZS062d20210417/instrument.json,/allen/aind/stage/hopkins_data/ZS062/mZS062d20210417/sorted/session/behavior_ZS062_2021-04-17_18-06-40_nwb.zarr
ZS060_2021-03-30_16-13-03,ZS060,/allen/aind/stage/hopkins_data/ZS060/mZS060d20210330,/allen/aind/stage/hopkins_data/ZS060/mZS060d20210330/acquisition.json,/allen/aind/stage/hopkins_data/ZS060/mZS060d20210330/data_description.json,/allen/aind/stage/hopkins_data/ZS060/mZS060d20210330/subject.json,/allen/aind/stage/hopkins_data/ZS060/mZS060d20210330/procedures.json,/allen/aind/stage/hopkins_data/ZS060/mZS060d20210330/instrument.json,/allen/aind/stage/hopkins_data/ZS060/mZS060d20210330/sorted/session/behavior_ZS060_2021-03-30_16-13-03_nwb.zarr
ZS061_2021-04-14_16-04-22,ZS061,/allen/aind/stage/hopkins_data/ZS061/mZS061d20210414,/allen/aind/stage/hopkins_data/ZS061/mZS061d20210414/acquisition.json,/allen/aind/stage/hopkins_data/ZS061/mZS061d20210414/data_description.json,/allen/aind/stage/hopkins_data/ZS061/mZS061d20210414/subject.json,/allen/aind/stage/hopkins_data/ZS061/mZS061d20210414/procedures.json,/allen/aind/stage/hopkins_data/ZS061/mZS061d20210414/instrument.json,/allen/aind/stage/hopkins_data/ZS061/mZS061d20210414/sorted/session/behavior_ZS061_2021-04-14_16-04-22_nwb.zarr
ZS060_2021-04-15_19-06-02,ZS060,/allen/aind/stage/hopkins_data/ZS060/mZS060d20210415,/allen/aind/stage/hopkins_data/ZS060/mZS060d20210415/acquisition.json,/allen/aind/stage/hopkins_data/ZS060/mZS060d20210415/data_description.json,/allen/aind/stage/hopkins_data/ZS060/mZS060d20210415/subject.json,/allen/aind/stage/hopkins_data/ZS060/mZS060d20210415/procedures.json,/allen/aind/stage/hopkins_data/ZS060/mZS060d20210415/instrument.json,/allen/aind/stage/hopkins_data/ZS060/mZS060d20210415/sorted/session/behavior_ZS060_2021-04-15_19-06-02_nwb.zarr
ZS061_2021-04-13_18-14-05,ZS061,/allen/aind/stage/hopkins_data/ZS061/mZS061d20210413,/allen/aind/stage/hopkins_data/ZS061/mZS061d20210413/acquisition.json,/allen/aind/stage/hopkins_data/ZS061/mZS061d20210413/data_description.json,/allen/aind/stage/hopkins_data/ZS061/mZS061d20210413/subject.json,/allen/aind/stage/hopkins_data/ZS061/mZS061d20210413/procedures.json,/allen/aind/stage/hopkins_data/ZS061/mZS061d20210413/instrument.json,/allen/aind/stage/hopkins_data/ZS061/mZS061d20210413/sorted/session/behavior_ZS061_2021-04-13_18-14-05_nwb.zarr
ZS062_2021-04-30_18-11-39,ZS062,/allen/aind/stage/hopkins_data/ZS062/mZS062d20210430,/allen/aind/stage/hopkins_data/ZS062/mZS062d20210430/acquisition.json,/allen/aind/stage/hopkins_data/ZS062/mZS062d20210430/data_description.json,/allen/aind/stage/hopkins_data/ZS062/mZS062d20210430/subject.json,/allen/aind/stage/hopkins_data/ZS062/mZS062d20210430/procedures.json,/allen/aind/stage/hopkins_data/ZS062/mZS062d20210430/instrument.json,/allen/aind/stage/hopkins_data/ZS062/mZS062d20210430/sorted/session/behavior_ZS062_2021-04-30_18-11-39_nwb.zarr
ZS062_2021-05-03_13-58-20,ZS062,/allen/aind/stage/hopkins_data/ZS062/mZS062d20210503,/allen/aind/stage/hopkins_data/ZS062/mZS062d20210503/acquisition.json,/allen/aind/stage/hopkins_data/ZS062/mZS062d20210503/data_description.json,/allen/aind/stage/hopkins_data/ZS062/mZS062d20210503/subject.json,/allen/aind/stage/hopkins_data/ZS062/mZS062d20210503/procedures.json,/allen/aind/stage/hopkins_data/ZS062/mZS062d20210503/instrument.json,/allen/aind/stage/hopkins_data/ZS062/mZS062d20210503/sorted/session/behavior_ZS062_2021-05-03_13-58-20_nwb.zarr
ZS062_2021-04-23_17-27-03,ZS062,/allen/aind/stage/hopkins_data/ZS062/mZS062d20210423,/allen/aind/stage/hopkins_data/ZS062/mZS062d20210423/acquisition.json,/allen/aind/stage/hopkins_data/ZS062/mZS062d20210423/data_description.json,/allen/aind/stage/hopkins_data/ZS062/mZS062d20210423/subject.json,/allen/aind/stage/hopkins_data/ZS062/mZS062d20210423/procedures.json,/allen/aind/stage/hopkins_data/ZS062/mZS062d20210423/instrument.json,/allen/aind/stage/hopkins_data/ZS062/mZS062d20210423/sorted/session/behavior_ZS062_2021-04-23_17-27-03_nwb.zarr
ZS061_2021-04-25_17-45-36,ZS061,/allen/aind/stage/hopkins_data/ZS061/mZS061d20210425,/allen/aind/stage/hopkins_data/ZS061/mZS061d20210425/acquisition.json,/allen/aind/stage/hopkins_data/ZS061/mZS061d20210425/data_description.json,/allen/aind/stage/hopkins_data/ZS061/mZS061d20210425/subject.json,/allen/aind/stage/hopkins_data/ZS061/mZS061d20210425/procedures.json,/allen/aind/stage/hopkins_data/ZS061/mZS061d20210425/instrument.json,/allen/aind/stage/hopkins_data/ZS061/mZS061d20210425/sorted/session/behavior_ZS061_2021-04-25_17-45-36_nwb.zarr
ZS059_2021-04-04_15-23-14,ZS059,/allen/aind/stage/hopkins_data/ZS059/mZS059d20210404,/allen/aind/stage/hopkins_data/ZS059/mZS059d20210404/acquisition.json,/allen/aind/stage/hopkins_data/ZS059/mZS059d20210404/data_description.json,/allen/aind/stage/hopkins_data/ZS059/mZS059d20210404/subject.json,/allen/aind/stage/hopkins_data/ZS059/mZS059d20210404/procedures.json,/allen/aind/stage/hopkins_data/ZS059/mZS059d20210404/instrument.json,/allen/aind/stage/hopkins_data/ZS059/mZS059d20210404/sorted/session/behavior_ZS059_2021-04-04_15-23-14_nwb.zarr
ZS061_2021-04-02_17-53-41,ZS061,/allen/aind/stage/hopkins_data/ZS061/mZS061d20210402,/allen/aind/stage/hopkins_data/ZS061/mZS061d20210402/acquisition.json,/allen/aind/stage/hopkins_data/ZS061/mZS061d20210402/data_description.json,/allen/aind/stage/hopkins_data/ZS061/mZS061d20210402/subject.json,/allen/aind/stage/hopkins_data/ZS061/mZS061d20210402/procedures.json,/allen/aind/stage/hopkins_data/ZS061/mZS061d20210402/instrument.json,/allen/aind/stage/hopkins_data/ZS061/mZS061d20210402/sorted/session/behavior_ZS061_2021-04-02_17-53-41_nwb.zarr
ZS062_2021-03-31_18-40-52,ZS062,/allen/aind/stage/hopkins_data/ZS062/mZS062d20210331,/allen/aind/stage/hopkins_data/ZS062/mZS062d20210331/acquisition.json,/allen/aind/stage/hopkins_data/ZS062/mZS062d20210331/data_description.json,/allen/aind/stage/hopkins_data/ZS062/mZS062d20210331/subject.json,/allen/aind/stage/hopkins_data/ZS062/mZS062d20210331/procedures.json,/allen/aind/stage/hopkins_data/ZS062/mZS062d20210331/instrument.json,/allen/aind/stage/hopkins_data/ZS062/mZS062d20210331/sorted/session/behavior_ZS062_2021-03-31_18-40-52_nwb.zarr
ZS062_2021-05-08_18-43-47,ZS062,/allen/aind/stage/hopkins_data/ZS062/mZS062d20210508,/allen/aind/stage/hopkins_data/ZS062/mZS062d20210508/acquisition.json,/allen/aind/stage/hopkins_data/ZS062/mZS062d20210508/data_description.json,/allen/aind/stage/hopkins_data/ZS062/mZS062d20210508/subject.json,/allen/aind/stage/hopkins_data/ZS062/mZS062d20210508/procedures.json,/allen/aind/stage/hopkins_data/ZS062/mZS062d20210508/instrument.json,/allen/aind/stage/hopkins_data/ZS062/mZS062d20210508/sorted/session/behavior_ZS062_2021-05-08_18-43-47_nwb.zarr
ZS061_2021-03-20_18-03-26,ZS061,/allen/aind/stage/hopkins_data/ZS061/mZS061d20210320,/allen/aind/stage/hopkins_data/ZS061/mZS061d20210320/acquisition.json,/allen/aind/stage/hopkins_data/ZS061/mZS061d20210320/data_description.json,/allen/aind/stage/hopkins_data/ZS061/mZS061d20210320/subject.json,/allen/aind/stage/hopkins_data/ZS061/mZS061d20210320/procedures.json,/allen/aind/stage/hopkins_data/ZS061/mZS061d20210320/instrument.json,/allen/aind/stage/hopkins_data/ZS061/mZS061d20210320/sorted/session/behavior_ZS061_2021-03-20_18-03-26_nwb.zarr
ZS062_2021-04-16_18-17-09,ZS062,/allen/aind/stage/hopkins_data/ZS062/mZS062d20210416,/allen/aind/stage/hopkins_data/ZS062/mZS062d20210416/acquisition.json,/allen/aind/stage/hopkins_data/ZS062/mZS062d20210416/data_description.json,/allen/aind/stage/hopkins_data/ZS062/mZS062d20210416/subject.json,/allen/aind/stage/hopkins_data/ZS062/mZS062d20210416/procedures.json,/allen/aind/stage/hopkins_data/ZS062/mZS062d20210416/instrument.json,/allen/aind/stage/hopkins_data/ZS062/mZS062d20210416/sorted/session/behavior_ZS062_2021-04-16_18-17-09_nwb.zarr
ZS060_2021-04-26_19-24-52,ZS060,/allen/aind/stage/hopkins_data/ZS060/mZS060d20210426,/allen/aind/stage/hopkins_data/ZS060/mZS060d20210426/acquisition.json,/allen/aind/stage/hopkins_data/ZS060/mZS060d20210426/data_description.json,/allen/aind/stage/hopkins_data/ZS060/mZS060d20210426/subject.json,/allen/aind/stage/hopkins_data/ZS060/mZS060d20210426/procedures.json,/allen/aind/stage/hopkins_data/ZS060/mZS060d20210426/instrument.json,/allen/aind/stage/hopkins_data/ZS060/mZS060d20210426/sorted/session/behavior_ZS060_2021-04-26_19-24-52_nwb.zarr
ZS062_2021-04-24_17-54-39,ZS062,/allen/aind/stage/hopkins_data/ZS062/mZS062d20210424,/allen/aind/stage/hopkins_data/ZS062/mZS062d20210424/acquisition.json,/allen/aind/stage/hopkins_data/ZS062/mZS062d20210424/data_description.json,/allen/aind/stage/hopkins_data/ZS062/mZS062d20210424/subject.json,/allen/aind/stage/hopkins_data/ZS062/mZS062d20210424/procedures.json,/allen/aind/stage/hopkins_data/ZS062/mZS062d20210424/instrument.json,/allen/aind/stage/hopkins_data/ZS062/mZS062d20210424/sorted/session/behavior_ZS062_2021-04-24_17-54-39_nwb.zarr
ZS059_2021-04-25_16-22-31,ZS059,/allen/aind/stage/hopkins_data/ZS059/mZS059d20210425,/allen/aind/stage/hopkins_data/ZS059/mZS059d20210425/acquisition.json,/allen/aind/stage/hopkins_data/ZS059/mZS059d20210425/data_description.json,/allen/aind/stage/hopkins_data/ZS059/mZS059d20210425/subject.json,/allen/aind/stage/hopkins_data/ZS059/mZS059d20210425/procedures.json,/allen/aind/stage/hopkins_data/ZS059/mZS059d20210425/instrument.json,/allen/aind/stage/hopkins_data/ZS059/mZS059d20210425/sorted/session/behavior_ZS059_2021-04-25_16-22-31_nwb.zarr
ZS059_2021-04-28_14-00-12,ZS059,/allen/aind/stage/hopkins_data/ZS059/mZS059d20210428,/allen/aind/stage/hopkins_data/ZS059/mZS059d20210428/acquisition.json,/allen/aind/stage/hopkins_data/ZS059/mZS059d20210428/data_description.json,/allen/aind/stage/hopkins_data/ZS059/mZS059d20210428/subject.json,/allen/aind/stage/hopkins_data/ZS059/mZS059d20210428/procedures.json,/allen/aind/stage/hopkins_data/ZS059/mZS059d20210428/instrument.json,/allen/aind/stage/hopkins_data/ZS059/mZS059d20210428/sorted/session/behavior_ZS059_2021-04-28_14-00-12_nwb.zarr
ZS062_2021-04-28_17-53-01,ZS062,/allen/aind/stage/hopkins_data/ZS062/mZS062d20210428,/allen/aind/stage/hopkins_data/ZS062/mZS062d20210428/acquisition.json,/allen/aind/stage/hopkins_data/ZS062/mZS062d20210428/data_description.json,/allen/aind/stage/hopkins_data/ZS062/mZS062d20210428/subject.json,/allen/aind/stage/hopkins_data/ZS062/mZS062d20210428/procedures.json,/allen/aind/stage/hopkins_data/ZS062/mZS062d20210428/instrument.json,/allen/aind/stage/hopkins_data/ZS062/mZS062d20210428/sorted/session/behavior_ZS062_2021-04-28_17-53-01_nwb.zarr
ZS059_2021-04-13_15-43-53,ZS059,/allen/aind/stage/hopkins_data/ZS059/mZS059d20210413,/allen/aind/stage/hopkins_data/ZS059/mZS059d20210413/acquisition.json,/allen/aind/stage/hopkins_data/ZS059/mZS059d20210413/data_description.json,/allen/aind/stage/hopkins_data/ZS059/mZS059d20210413/subject.json,/allen/aind/stage/hopkins_data/ZS059/mZS059d20210413/procedures.json,/allen/aind/stage/hopkins_data/ZS059/mZS059d20210413/instrument.json,/allen/aind/stage/hopkins_data/ZS059/mZS059d20210413/sorted/session/behavior_ZS059_2021-04-13_15-43-53_nwb.zarr
ZS059_2021-03-30_14-57-13,ZS059,/allen/aind/stage/hopkins_data/ZS059/mZS059d20210330,/allen/aind/stage/hopkins_data/ZS059/mZS059d20210330/acquisition.json,/allen/aind/stage/hopkins_data/ZS059/mZS059d20210330/data_description.json,/allen/aind/stage/hopkins_data/ZS059/mZS059d20210330/subject.json,/allen/aind/stage/hopkins_data/ZS059/mZS059d20210330/procedures.json,/allen/aind/stage/hopkins_data/ZS059/mZS059d20210330/instrument.json,/allen/aind/stage/hopkins_data/ZS059/mZS059d20210330/sorted/session/behavior_ZS059_2021-03-30_14-57-13_nwb.zarr
ZS062_2021-05-02_19-20-50,ZS062,/allen/aind/stage/hopkins_data/ZS062/mZS062d20210502,/allen/aind/stage/hopkins_data/ZS062/mZS062d20210502/acquisition.json,/allen/aind/stage/hopkins_data/ZS062/mZS062d20210502/data_description.json,/allen/aind/stage/hopkins_data/ZS062/mZS062d20210502/subject.json,/allen/aind/stage/hopkins_data/ZS062/mZS062d20210502/procedures.json,/allen/aind/stage/hopkins_data/ZS062/mZS062d20210502/instrument.json,/allen/aind/stage/hopkins_data/ZS062/mZS062d20210502/sorted/session/behavior_ZS062_2021-05-02_19-20-50_nwb.zarr
ZS059_2021-04-09_15-53-45,ZS059,/allen/aind/stage/hopkins_data/ZS059/mZS059d20210409,/allen/aind/stage/hopkins_data/ZS059/mZS059d20210409/acquisition.json,/allen/aind/stage/hopkins_data/ZS059/mZS059d20210409/data_description.json,/allen/aind/stage/hopkins_data/ZS059/mZS059d20210409/subject.json,/allen/aind/stage/hopkins_data/ZS059/mZS059d20210409/procedures.json,/allen/aind/stage/hopkins_data/ZS059/mZS059d20210409/instrument.json,/allen/aind/stage/hopkins_data/ZS059/mZS059d20210409/sorted/session/behavior_ZS059_2021-04-09_15-53-45_nwb.zarr
ZS062_2021-03-29_18-50-00,ZS062,/allen/aind/stage/hopkins_data/ZS062/mZS062d20210329,/allen/aind/stage/hopkins_data/ZS062/mZS062d20210329/acquisition.json,/allen/aind/stage/hopkins_data/ZS062/mZS062d20210329/data_description.json,/allen/aind/stage/hopkins_data/ZS062/mZS062d20210329/subject.json,/allen/aind/stage/hopkins_data/ZS062/mZS062d20210329/procedures.json,/allen/aind/stage/hopkins_data/ZS062/mZS062d20210329/instrument.json,/allen/aind/stage/hopkins_data/ZS062/mZS062d20210329/sorted/session/behavior_ZS062_2021-03-29_18-50-00_nwb.zarr
ZS062_2021-04-26_20-26-29,ZS062,/allen/aind/stage/hopkins_data/ZS062/mZS062d20210426,/allen/aind/stage/hopkins_data/ZS062/mZS062d20210426/acquisition.json,/allen/aind/stage/hopkins_data/ZS062/mZS062d20210426/data_description.json,/allen/aind/stage/hopkins_data/ZS062/mZS062d20210426/subject.json,/allen/aind/stage/hopkins_data/ZS062/mZS062d20210426/procedures.json,/allen/aind/stage/hopkins_data/ZS062/mZS062d20210426/instrument.json,/allen/aind/stage/hopkins_data/ZS062/mZS062d20210426/sorted/session/behavior_ZS062_2021-04-26_20-26-29_nwb.zarr
ZS059_2021-04-06_14-30-26,ZS059,/allen/aind/stage/hopkins_data/ZS059/mZS059d20210406,/allen/aind/stage/hopkins_data/ZS059/mZS059d20210406/acquisition.json,/allen/aind/stage/hopkins_data/ZS059/mZS059d20210406/data_description.json,/allen/aind/stage/hopkins_data/ZS059/mZS059d20210406/subject.json,/allen/aind/stage/hopkins_data/ZS059/mZS059d20210406/procedures.json,/allen/aind/stage/hopkins_data/ZS059/mZS059d20210406/instrument.json,/allen/aind/stage/hopkins_data/ZS059/mZS059d20210406/sorted/session/behavior_ZS059_2021-04-06_14-30-26_nwb.zarr
ZS059_2021-04-26_14-44-03,ZS059,/allen/aind/stage/hopkins_data/ZS059/mZS059d20210426,/allen/aind/stage/hopkins_data/ZS059/mZS059d20210426/acquisition.json,/allen/aind/stage/hopkins_data/ZS059/mZS059d20210426/data_description.json,/allen/aind/stage/hopkins_data/ZS059/mZS059d20210426/subject.json,/allen/aind/stage/hopkins_data/ZS059/mZS059d20210426/procedures.json,/allen/aind/stage/hopkins_data/ZS059/mZS059d20210426/instrument.json,/allen/aind/stage/hopkins_data/ZS059/mZS059d20210426/sorted/session/behavior_ZS059_2021-04-26_14-44-03_nwb.zarr
ZS059_2021-04-22_15-11-25,ZS059,/allen/aind/stage/hopkins_data/ZS059/mZS059d20210422,/allen/aind/stage/hopkins_data/ZS059/mZS059d20210422/acquisition.json,/allen/aind/stage/hopkins_data/ZS059/mZS059d20210422/data_description.json,/allen/aind/stage/hopkins_data/ZS059/mZS059d20210422/subject.json,/allen/aind/stage/hopkins_data/ZS059/mZS059d20210422/procedures.json,/allen/aind/stage/hopkins_data/ZS059/mZS059d20210422/instrument.json,/allen/aind/stage/hopkins_data/ZS059/mZS059d20210422/sorted/session/behavior_ZS059_2021-04-22_15-11-25_nwb.zarr
ZS061_2021-03-28_16-35-51,ZS061,/allen/aind/stage/hopkins_data/ZS061/mZS061d20210328,/allen/aind/stage/hopkins_data/ZS061/mZS061d20210328/acquisition.json,/allen/aind/stage/hopkins_data/ZS061/mZS061d20210328/data_description.json,/allen/aind/stage/hopkins_data/ZS061/mZS061d20210328/subject.json,/allen/aind/stage/hopkins_data/ZS061/mZS061d20210328/procedures.json,/allen/aind/stage/hopkins_data/ZS061/mZS061d20210328/instrument.json,/allen/aind/stage/hopkins_data/ZS061/mZS061d20210328/sorted/session/behavior_ZS061_2021-03-28_16-35-51_nwb.zarr
ZS061_2021-04-11_17-44-56,ZS061,/allen/aind/stage/hopkins_data/ZS061/mZS061d20210411,/allen/aind/stage/hopkins_data/ZS061/mZS061d20210411/acquisition.json,/allen/aind/stage/hopkins_data/ZS061/mZS061d20210411/data_description.json,/allen/aind/stage/hopkins_data/ZS061/mZS061d20210411/subject.json,/allen/aind/stage/hopkins_data/ZS061/mZS061d20210411/procedures.json,/allen/aind/stage/hopkins_data/ZS061/mZS061d20210411/instrument.json,/allen/aind/stage/hopkins_data/ZS061/mZS061d20210411/sorted/session/behavior_ZS061_2021-04-11_17-44-56_nwb.zarr
ZS061_2021-03-21_17-37-00,ZS061,/allen/aind/stage/hopkins_data/ZS061/mZS061d20210321,/allen/aind/stage/hopkins_data/ZS061/mZS061d20210321/acquisition.json,/allen/aind/stage/hopkins_data/ZS061/mZS061d20210321/data_description.json,/allen/aind/stage/hopkins_data/ZS061/mZS061d20210321/subject.json,/allen/aind/stage/hopkins_data/ZS061/mZS061d20210321/procedures.json,/allen/aind/stage/hopkins_data/ZS061/mZS061d20210321/instrument.json,/allen/aind/stage/hopkins_data/ZS061/mZS061d20210321/sorted/session/behavior_ZS061_2021-03-21_17-37-00_nwb.zarr
ZS062_2021-04-03_20-26-34,ZS062,/allen/aind/stage/hopkins_data/ZS062/mZS062d20210403,/allen/aind/stage/hopkins_data/ZS062/mZS062d20210403/acquisition.json,/allen/aind/stage/hopkins_data/ZS062/mZS062d20210403/data_description.json,/allen/aind/stage/hopkins_data/ZS062/mZS062d20210403/subject.json,/allen/aind/stage/hopkins_data/ZS062/mZS062d20210403/procedures.json,/allen/aind/stage/hopkins_data/ZS062/mZS062d20210403/instrument.json,/allen/aind/stage/hopkins_data/ZS062/mZS062d20210403/sorted/session/behavior_ZS062_2021-04-03_20-26-34_nwb.zarr
ZS062_2021-04-20_18-23-52,ZS062,/allen/aind/stage/hopkins_data/ZS062/mZS062d20210420,/allen/aind/stage/hopkins_data/ZS062/mZS062d20210420/acquisition.json,/allen/aind/stage/hopkins_data/ZS062/mZS062d20210420/data_description.json,/allen/aind/stage/hopkins_data/ZS062/mZS062d20210420/subject.json,/allen/aind/stage/hopkins_data/ZS062/mZS062d20210420/procedures.json,/allen/aind/stage/hopkins_data/ZS062/mZS062d20210420/instrument.json,/allen/aind/stage/hopkins_data/ZS062/mZS062d20210420/sorted/session/behavior_ZS062_2021-04-20_18-23-52_nwb.zarr
ZS060_2021-04-10_16-58-41,ZS060,/allen/aind/stage/hopkins_data/ZS060/mZS060d20210410,/allen/aind/stage/hopkins_data/ZS060/mZS060d20210410/acquisition.json,/allen/aind/stage/hopkins_data/ZS060/mZS060d20210410/data_description.json,/allen/aind/stage/hopkins_data/ZS060/mZS060d20210410/subject.json,/allen/aind/stage/hopkins_data/ZS060/mZS060d20210410/procedures.json,/allen/aind/stage/hopkins_data/ZS060/mZS060d20210410/instrument.json,/allen/aind/stage/hopkins_data/ZS060/mZS060d20210410/sorted/session/behavior_ZS060_2021-04-10_16-58-41_nwb.zarr
ZS059_2021-04-21_15-58-55,ZS059,/allen/aind/stage/hopkins_data/ZS059/mZS059d20210421,/allen/aind/stage/hopkins_data/ZS059/mZS059d20210421/acquisition.json,/allen/aind/stage/hopkins_data/ZS059/mZS059d20210421/data_description.json,/allen/aind/stage/hopkins_data/ZS059/mZS059d20210421/subject.json,/allen/aind/stage/hopkins_data/ZS059/mZS059d20210421/procedures.json,/allen/aind/stage/hopkins_data/ZS059/mZS059d20210421/instrument.json,/allen/aind/stage/hopkins_data/ZS059/mZS059d20210421/sorted/session/behavior_ZS059_2021-04-21_15-58-55_nwb.zarr
ZS060_2021-04-29_15-15-00,ZS060,/allen/aind/stage/hopkins_data/ZS060/mZS060d20210429,/allen/aind/stage/hopkins_data/ZS060/mZS060d20210429/acquisition.json,/allen/aind/stage/hopkins_data/ZS060/mZS060d20210429/data_description.json,/allen/aind/stage/hopkins_data/ZS060/mZS060d20210429/subject.json,/allen/aind/stage/hopkins_data/ZS060/mZS060d20210429/procedures.json,/allen/aind/stage/hopkins_data/ZS060/mZS060d20210429/instrument.json,/allen/aind/stage/hopkins_data/ZS060/mZS060d20210429/sorted/session/behavior_ZS060_2021-04-29_15-15-00_nwb.zarr
ZS060_2021-03-29_16-21-37,ZS060,/allen/aind/stage/hopkins_data/ZS060/mZS060d20210329,/allen/aind/stage/hopkins_data/ZS060/mZS060d20210329/acquisition.json,/allen/aind/stage/hopkins_data/ZS060/mZS060d20210329/data_description.json,/allen/aind/stage/hopkins_data/ZS060/mZS060d20210329/subject.json,/allen/aind/stage/hopkins_data/ZS060/mZS060d20210329/procedures.json,/allen/aind/stage/hopkins_data/ZS060/mZS060d20210329/instrument.json,/allen/aind/stage/hopkins_data/ZS060/mZS060d20210329/sorted/session/behavior_ZS060_2021-03-29_16-21-37_nwb.zarr
ZS062_2021-04-15_17-52-49,ZS062,/allen/aind/stage/hopkins_data/ZS062/mZS062d20210415,/allen/aind/stage/hopkins_data/ZS062/mZS062d20210415/acquisition.json,/allen/aind/stage/hopkins_data/ZS062/mZS062d20210415/data_description.json,/allen/aind/stage/hopkins_data/ZS062/mZS062d20210415/subject.json,/allen/aind/stage/hopkins_data/ZS062/mZS062d20210415/procedures.json,/allen/aind/stage/hopkins_data/ZS062/mZS062d20210415/instrument.json,/allen/aind/stage/hopkins_data/ZS062/mZS062d20210415/sorted/session/behavior_ZS062_2021-04-15_17-52-49_nwb.zarr
ZS061_2021-03-31_17-15-48,ZS061,/allen/aind/stage/hopkins_data/ZS061/mZS061d20210331,/allen/aind/stage/hopkins_data/ZS061/mZS061d20210331/acquisition.json,/allen/aind/stage/hopkins_data/ZS061/mZS061d20210331/data_description.json,/allen/aind/stage/hopkins_data/ZS061/mZS061d20210331/subject.json,/allen/aind/stage/hopkins_data/ZS061/mZS061d20210331/procedures.json,/allen/aind/stage/hopkins_data/ZS061/mZS061d20210331/instrument.json,/allen/aind/stage/hopkins_data/ZS061/mZS061d20210331/sorted/session/behavior_ZS061_2021-03-31_17-15-48_nwb.zarr
ZS060_2021-03-23_15-15-00,ZS060,/allen/aind/stage/hopkins_data/ZS060/mZS060d20210323,/allen/aind/stage/hopkins_data/ZS060/mZS060d20210323/acquisition.json,/allen/aind/stage/hopkins_data/ZS060/mZS060d20210323/data_description.json,/allen/aind/stage/hopkins_data/ZS060/mZS060d20210323/subject.json,/allen/aind/stage/hopkins_data/ZS060/mZS060d20210323/procedures.json,/allen/aind/stage/hopkins_data/ZS060/mZS060d20210323/instrument.json,/allen/aind/stage/hopkins_data/ZS060/mZS060d20210323/sorted/session/behavior_ZS060_2021-03-23_15-15-00_nwb.zarr
